equal_investment,min_market_cap,max_market_cap,min_score_threshold,technical_weight,sentiment_weight,total_operations,roi,avg_profit_per_op,win_rate
1,1,100000000000000,-1,0.0,1.0,1204,-2.36,-2.36,39.12
1,1000000,100000000000000,-1,0.0,1.0,1204,-2.36,-2.36,39.12
1,10000000,100000000000000,-1,0.0,1.0,1122,-2.21,-2.21,40.64
1,10000000,1000000000,-1,0.0,1.0,823,-3.32,-3.32,37.18
1,50000000,10000000000,-1,0.0,1.0,885,-1.53,-1.53,42.37
1,100000000,1000000000000,-1,0.0,1.0,831,-0.6,-0.6,45.97
1,1000000000,100000000000000,-1,0.0,1.0,299,0.85,0.85,50.17
1,1,100000000000000,-1,0.2,0.8,1204,-2.36,-2.36,39.12
1,1000000,100000000000000,-1,0.2,0.8,1204,-2.36,-2.36,39.12
1,10000000,100000000000000,-1,0.2,0.8,1122,-2.21,-2.21,40.64
1,10000000,1000000000,-1,0.2,0.8,823,-3.32,-3.32,37.18
1,50000000,10000000000,-1,0.2,0.8,885,-1.53,-1.53,42.37
1,100000000,1000000000000,-1,0.2,0.8,831,-0.6,-0.6,45.97
1,1000000000,100000000000000,-1,0.2,0.8,299,0.85,0.85,50.17
1,1,100000000000000,-1,0.4,0.6,1204,-2.36,-2.36,39.12
1,1000000,100000000000000,-1,0.4,0.6,1204,-2.36,-2.36,39.12
1,10000000,100000000000000,-1,0.4,0.6,1122,-2.21,-2.21,40.64
1,10000000,1000000000,-1,0.4,0.6,823,-3.32,-3.32,37.18
1,50000000,10000000000,-1,0.4,0.6,885,-1.53,-1.53,42.37
1,100000000,1000000000000,-1,0.4,0.6,831,-0.6,-0.6,45.97
1,1000000000,100000000000000,-1,0.4,0.6,299,0.85,0.85,50.17
1,1,100000000000000,-1,0.6,0.4,1204,-2.36,-2.36,39.12
1,1000000,100000000000000,-1,0.6,0.4,1204,-2.36,-2.36,39.12
1,10000000,100000000000000,-1,0.6,0.4,1122,-2.21,-2.21,40.64
1,10000000,1000000000,-1,0.6,0.4,823,-3.32,-3.32,37.18
1,50000000,10000000000,-1,0.6,0.4,885,-1.53,-1.53,42.37
1,100000000,1000000000000,-1,0.6,0.4,831,-0.6,-0.6,45.97
1,1000000000,100000000000000,-1,0.6,0.4,299,0.85,0.85,50.17
1,1,100000000000000,-1,0.7,0.3,1204,-2.36,-2.36,39.12
1,1000000,100000000000000,-1,0.7,0.3,1204,-2.36,-2.36,39.12
1,10000000,100000000000000,-1,0.7,0.3,1122,-2.21,-2.21,40.64
1,10000000,1000000000,-1,0.7,0.3,823,-3.32,-3.32,37.18
1,50000000,10000000000,-1,0.7,0.3,885,-1.53,-1.53,42.37
1,100000000,1000000000000,-1,0.7,0.3,831,-0.6,-0.6,45.97
1,1000000000,100000000000000,-1,0.7,0.3,299,0.85,0.85,50.17
1,1,100000000000000,-1,0.75,0.25,1204,-2.36,-2.36,39.12
1,1000000,100000000000000,-1,0.75,0.25,1204,-2.36,-2.36,39.12
1,10000000,100000000000000,-1,0.75,0.25,1122,-2.21,-2.21,40.64
1,10000000,1000000000,-1,0.75,0.25,823,-3.32,-3.32,37.18
1,50000000,10000000000,-1,0.75,0.25,885,-1.53,-1.53,42.37
1,100000000,1000000000000,-1,0.75,0.25,831,-0.6,-0.6,45.97
1,1000000000,100000000000000,-1,0.75,0.25,299,0.85,0.85,50.17
1,1,100000000000000,-1,0.8,0.2,1204,-2.36,-2.36,39.12
1,1000000,100000000000000,-1,0.8,0.2,1204,-2.36,-2.36,39.12
1,10000000,100000000000000,-1,0.8,0.2,1122,-2.21,-2.21,40.64
1,10000000,1000000000,-1,0.8,0.2,823,-3.32,-3.32,37.18
1,50000000,10000000000,-1,0.8,0.2,885,-1.53,-1.53,42.37
1,100000000,1000000000000,-1,0.8,0.2,831,-0.6,-0.6,45.97
1,1000000000,100000000000000,-1,0.8,0.2,299,0.85,0.85,50.17
1,1,100000000000000,-1,0.85,0.15,1204,-2.36,-2.36,39.12
1,1000000,100000000000000,-1,0.85,0.15,1204,-2.36,-2.36,39.12
1,10000000,100000000000000,-1,0.85,0.15,1122,-2.21,-2.21,40.64
1,10000000,1000000000,-1,0.85,0.15,823,-3.32,-3.32,37.18
1,50000000,10000000000,-1,0.85,0.15,885,-1.53,-1.53,42.37
1,100000000,1000000000000,-1,0.85,0.15,831,-0.6,-0.6,45.97
1,1000000000,100000000000000,-1,0.85,0.15,299,0.85,0.85,50.17
1,1,100000000000000,-1,0.9,0.1,1204,-2.36,-2.36,39.12
1,1000000,100000000000000,-1,0.9,0.1,1204,-2.36,-2.36,39.12
1,10000000,100000000000000,-1,0.9,0.1,1122,-2.21,-2.21,40.64
1,10000000,1000000000,-1,0.9,0.1,823,-3.32,-3.32,37.18
1,50000000,10000000000,-1,0.9,0.1,885,-1.53,-1.53,42.37
1,100000000,1000000000000,-1,0.9,0.1,831,-0.6,-0.6,45.97
1,1000000000,100000000000000,-1,0.9,0.1,299,0.85,0.85,50.17
1,1,100000000000000,-1,0.95,0.05,1204,-2.36,-2.36,39.12
1,1000000,100000000000000,-1,0.95,0.05,1204,-2.36,-2.36,39.12
1,10000000,100000000000000,-1,0.95,0.05,1122,-2.21,-2.21,40.64
1,10000000,1000000000,-1,0.95,0.05,823,-3.32,-3.32,37.18
1,50000000,10000000000,-1,0.95,0.05,885,-1.53,-1.53,42.37
1,100000000,1000000000000,-1,0.95,0.05,831,-0.6,-0.6,45.97
1,1000000000,100000000000000,-1,0.95,0.05,299,0.85,0.85,50.17
1,1,100000000000000,-1,1.0,0.0,1204,-2.36,-2.36,39.12
1,1000000,100000000000000,-1,1.0,0.0,1204,-2.36,-2.36,39.12
1,10000000,100000000000000,-1,1.0,0.0,1122,-2.21,-2.21,40.64
1,10000000,1000000000,-1,1.0,0.0,823,-3.32,-3.32,37.18
1,50000000,10000000000,-1,1.0,0.0,885,-1.53,-1.53,42.37
1,100000000,1000000000000,-1,1.0,0.0,831,-0.6,-0.6,45.97
1,1000000000,100000000000000,-1,1.0,0.0,299,0.85,0.85,50.17
0,1,100000000000000,-1,0.0,1.0,1204,-1.51,-0.34,39.12
0,1000000,100000000000000,-1,0.0,1.0,1204,-1.51,-0.34,39.12
0,10000000,100000000000000,-1,0.0,1.0,1122,-1.28,-0.3,40.64
0,10000000,1000000000,-1,0.0,1.0,823,-3.04,-0.22,37.18
0,50000000,10000000000,-1,0.0,1.0,885,-0.69,-0.09,42.37
0,100000000,1000000000000,-1,0.0,1.0,831,-0.96,-0.29,45.97
0,1000000000,100000000000000,-1,0.0,1.0,299,-0.77,-0.52,50.17
0,1,100000000000000,-1,0.2,0.8,1204,-1.51,-0.34,39.12
0,1000000,100000000000000,-1,0.2,0.8,1204,-1.51,-0.34,39.12
0,10000000,100000000000000,-1,0.2,0.8,1122,-1.28,-0.3,40.64
0,10000000,1000000000,-1,0.2,0.8,823,-3.04,-0.22,37.18
0,50000000,10000000000,-1,0.2,0.8,885,-0.69,-0.09,42.37
0,100000000,1000000000000,-1,0.2,0.8,831,-0.96,-0.29,45.97
0,1000000000,100000000000000,-1,0.2,0.8,299,-0.77,-0.52,50.17
0,1,100000000000000,-1,0.4,0.6,1204,-1.51,-0.34,39.12
0,1000000,100000000000000,-1,0.4,0.6,1204,-1.51,-0.34,39.12
0,10000000,100000000000000,-1,0.4,0.6,1122,-1.28,-0.3,40.64
0,10000000,1000000000,-1,0.4,0.6,823,-3.04,-0.22,37.18
0,50000000,10000000000,-1,0.4,0.6,885,-0.69,-0.09,42.37
0,100000000,1000000000000,-1,0.4,0.6,831,-0.96,-0.29,45.97
0,1000000000,100000000000000,-1,0.4,0.6,299,-0.77,-0.52,50.17
0,1,100000000000000,-1,0.6,0.4,1204,-1.51,-0.34,39.12
0,1000000,100000000000000,-1,0.6,0.4,1204,-1.51,-0.34,39.12
0,10000000,100000000000000,-1,0.6,0.4,1122,-1.28,-0.3,40.64
0,10000000,1000000000,-1,0.6,0.4,823,-3.04,-0.22,37.18
0,50000000,10000000000,-1,0.6,0.4,885,-0.69,-0.09,42.37
0,100000000,1000000000000,-1,0.6,0.4,831,-0.96,-0.29,45.97
0,1000000000,100000000000000,-1,0.6,0.4,299,-0.77,-0.52,50.17
0,1,100000000000000,-1,0.7,0.3,1204,-1.51,-0.34,39.12
0,1000000,100000000000000,-1,0.7,0.3,1204,-1.51,-0.34,39.12
0,10000000,100000000000000,-1,0.7,0.3,1122,-1.28,-0.3,40.64
0,10000000,1000000000,-1,0.7,0.3,823,-3.04,-0.22,37.18
0,50000000,10000000000,-1,0.7,0.3,885,-0.69,-0.09,42.37
0,100000000,1000000000000,-1,0.7,0.3,831,-0.96,-0.29,45.97
0,1000000000,100000000000000,-1,0.7,0.3,299,-0.77,-0.52,50.17
0,1,100000000000000,-1,0.75,0.25,1204,-1.51,-0.34,39.12
0,1000000,100000000000000,-1,0.75,0.25,1204,-1.51,-0.34,39.12
0,10000000,100000000000000,-1,0.75,0.25,1122,-1.28,-0.3,40.64
0,10000000,1000000000,-1,0.75,0.25,823,-3.04,-0.22,37.18
0,50000000,10000000000,-1,0.75,0.25,885,-0.69,-0.09,42.37
0,100000000,1000000000000,-1,0.75,0.25,831,-0.96,-0.29,45.97
0,1000000000,100000000000000,-1,0.75,0.25,299,-0.77,-0.52,50.17
0,1,100000000000000,-1,0.8,0.2,1204,-1.51,-0.34,39.12
0,1000000,100000000000000,-1,0.8,0.2,1204,-1.51,-0.34,39.12
0,10000000,100000000000000,-1,0.8,0.2,1122,-1.28,-0.3,40.64
0,10000000,1000000000,-1,0.8,0.2,823,-3.04,-0.22,37.18
0,50000000,10000000000,-1,0.8,0.2,885,-0.69,-0.09,42.37
0,100000000,1000000000000,-1,0.8,0.2,831,-0.96,-0.29,45.97
0,1000000000,100000000000000,-1,0.8,0.2,299,-0.77,-0.52,50.17
0,1,100000000000000,-1,0.85,0.15,1204,-1.51,-0.34,39.12
0,1000000,100000000000000,-1,0.85,0.15,1204,-1.51,-0.34,39.12
0,10000000,100000000000000,-1,0.85,0.15,1122,-1.28,-0.3,40.64
0,10000000,1000000000,-1,0.85,0.15,823,-3.04,-0.22,37.18
0,50000000,10000000000,-1,0.85,0.15,885,-0.69,-0.09,42.37
0,100000000,1000000000000,-1,0.85,0.15,831,-0.96,-0.29,45.97
0,1000000000,100000000000000,-1,0.85,0.15,299,-0.77,-0.52,50.17
0,1,100000000000000,-1,0.9,0.1,1204,-1.51,-0.34,39.12
0,1000000,100000000000000,-1,0.9,0.1,1204,-1.51,-0.34,39.12
0,10000000,100000000000000,-1,0.9,0.1,1122,-1.28,-0.3,40.64
0,10000000,1000000000,-1,0.9,0.1,823,-3.04,-0.22,37.18
0,50000000,10000000000,-1,0.9,0.1,885,-0.69,-0.09,42.37
0,100000000,1000000000000,-1,0.9,0.1,831,-0.96,-0.29,45.97
0,1000000000,100000000000000,-1,0.9,0.1,299,-0.77,-0.52,50.17
0,1,100000000000000,-1,0.95,0.05,1204,-1.51,-0.34,39.12
0,1000000,100000000000000,-1,0.95,0.05,1204,-1.51,-0.34,39.12
0,10000000,100000000000000,-1,0.95,0.05,1122,-1.28,-0.3,40.64
0,10000000,1000000000,-1,0.95,0.05,823,-3.04,-0.22,37.18
0,50000000,10000000000,-1,0.95,0.05,885,-0.69,-0.09,42.37
0,100000000,1000000000000,-1,0.95,0.05,831,-0.96,-0.29,45.97
0,1000000000,100000000000000,-1,0.95,0.05,299,-0.77,-0.52,50.17
0,1,100000000000000,-1,1.0,0.0,1204,-1.51,-0.34,39.12
0,1000000,100000000000000,-1,1.0,0.0,1204,-1.51,-0.34,39.12
0,10000000,100000000000000,-1,1.0,0.0,1122,-1.28,-0.3,40.64
0,10000000,1000000000,-1,1.0,0.0,823,-3.04,-0.22,37.18
0,50000000,10000000000,-1,1.0,0.0,885,-0.69,-0.09,42.37
0,100000000,1000000000000,-1,1.0,0.0,831,-0.96,-0.29,45.97
0,1000000000,100000000000000,-1,1.0,0.0,299,-0.77,-0.52,50.17
1,1,100000000000000,-0.5,0.0,1.0,1194,-2.3,-2.3,39.2
1,1000000,100000000000000,-0.5,0.0,1.0,1194,-2.3,-2.3,39.2
1,10000000,100000000000000,-0.5,0.0,1.0,1112,-2.15,-2.15,40.74
1,10000000,1000000000,-0.5,0.0,1.0,814,-3.28,-3.28,37.22
1,50000000,10000000000,-0.5,0.0,1.0,876,-1.48,-1.48,42.47
1,100000000,1000000000000,-0.5,0.0,1.0,824,-0.57,-0.57,46.0
1,1000000000,100000000000000,-0.5,0.0,1.0,298,0.95,0.95,50.34
1,1,100000000000000,-0.5,0.2,0.8,1197,-2.28,-2.28,39.26
1,1000000,100000000000000,-0.5,0.2,0.8,1197,-2.28,-2.28,39.26
1,10000000,100000000000000,-0.5,0.2,0.8,1115,-2.13,-2.13,40.81
1,10000000,1000000000,-0.5,0.2,0.8,817,-3.25,-3.25,37.33
1,50000000,10000000000,-0.5,0.2,0.8,879,-1.46,-1.46,42.55
1,100000000,1000000000000,-0.5,0.2,0.8,826,-0.53,-0.53,46.13
1,1000000000,100000000000000,-0.5,0.2,0.8,298,0.95,0.95,50.34
1,1,100000000000000,-0.5,0.4,0.6,1204,-2.36,-2.36,39.12
1,1000000,100000000000000,-0.5,0.4,0.6,1204,-2.36,-2.36,39.12
1,10000000,100000000000000,-0.5,0.4,0.6,1122,-2.21,-2.21,40.64
1,10000000,1000000000,-0.5,0.4,0.6,823,-3.32,-3.32,37.18
1,50000000,10000000000,-0.5,0.4,0.6,885,-1.53,-1.53,42.37
1,100000000,1000000000000,-0.5,0.4,0.6,831,-0.6,-0.6,45.97
1,1000000000,100000000000000,-0.5,0.4,0.6,299,0.85,0.85,50.17
1,1,100000000000000,-0.5,0.6,0.4,1204,-2.36,-2.36,39.12
1,1000000,100000000000000,-0.5,0.6,0.4,1204,-2.36,-2.36,39.12
1,10000000,100000000000000,-0.5,0.6,0.4,1122,-2.21,-2.21,40.64
1,10000000,1000000000,-0.5,0.6,0.4,823,-3.32,-3.32,37.18
1,50000000,10000000000,-0.5,0.6,0.4,885,-1.53,-1.53,42.37
1,100000000,1000000000000,-0.5,0.6,0.4,831,-0.6,-0.6,45.97
1,1000000000,100000000000000,-0.5,0.6,0.4,299,0.85,0.85,50.17
1,1,100000000000000,-0.5,0.7,0.3,1204,-2.36,-2.36,39.12
1,1000000,100000000000000,-0.5,0.7,0.3,1204,-2.36,-2.36,39.12
1,10000000,100000000000000,-0.5,0.7,0.3,1122,-2.21,-2.21,40.64
1,10000000,1000000000,-0.5,0.7,0.3,823,-3.32,-3.32,37.18
1,50000000,10000000000,-0.5,0.7,0.3,885,-1.53,-1.53,42.37
1,100000000,1000000000000,-0.5,0.7,0.3,831,-0.6,-0.6,45.97
1,1000000000,100000000000000,-0.5,0.7,0.3,299,0.85,0.85,50.17
1,1,100000000000000,-0.5,0.75,0.25,1204,-2.36,-2.36,39.12
1,1000000,100000000000000,-0.5,0.75,0.25,1204,-2.36,-2.36,39.12
1,10000000,100000000000000,-0.5,0.75,0.25,1122,-2.21,-2.21,40.64
1,10000000,1000000000,-0.5,0.75,0.25,823,-3.32,-3.32,37.18
1,50000000,10000000000,-0.5,0.75,0.25,885,-1.53,-1.53,42.37
1,100000000,1000000000000,-0.5,0.75,0.25,831,-0.6,-0.6,45.97
1,1000000000,100000000000000,-0.5,0.75,0.25,299,0.85,0.85,50.17
1,1,100000000000000,-0.5,0.8,0.2,1204,-2.36,-2.36,39.12
1,1000000,100000000000000,-0.5,0.8,0.2,1204,-2.36,-2.36,39.12
1,10000000,100000000000000,-0.5,0.8,0.2,1122,-2.21,-2.21,40.64
1,10000000,1000000000,-0.5,0.8,0.2,823,-3.32,-3.32,37.18
1,50000000,10000000000,-0.5,0.8,0.2,885,-1.53,-1.53,42.37
1,100000000,1000000000000,-0.5,0.8,0.2,831,-0.6,-0.6,45.97
1,1000000000,100000000000000,-0.5,0.8,0.2,299,0.85,0.85,50.17
1,1,100000000000000,-0.5,0.85,0.15,1204,-2.36,-2.36,39.12
1,1000000,100000000000000,-0.5,0.85,0.15,1204,-2.36,-2.36,39.12
1,10000000,100000000000000,-0.5,0.85,0.15,1122,-2.21,-2.21,40.64
1,10000000,1000000000,-0.5,0.85,0.15,823,-3.32,-3.32,37.18
1,50000000,10000000000,-0.5,0.85,0.15,885,-1.53,-1.53,42.37
1,100000000,1000000000000,-0.5,0.85,0.15,831,-0.6,-0.6,45.97
1,1000000000,100000000000000,-0.5,0.85,0.15,299,0.85,0.85,50.17
1,1,100000000000000,-0.5,0.9,0.1,1203,-2.35,-2.35,39.15
1,1000000,100000000000000,-0.5,0.9,0.1,1203,-2.35,-2.35,39.15
1,10000000,100000000000000,-0.5,0.9,0.1,1121,-2.21,-2.21,40.68
1,10000000,1000000000,-0.5,0.9,0.1,822,-3.32,-3.32,37.23
1,50000000,10000000000,-0.5,0.9,0.1,885,-1.53,-1.53,42.37
1,100000000,1000000000000,-0.5,0.9,0.1,831,-0.6,-0.6,45.97
1,1000000000,100000000000000,-0.5,0.9,0.1,299,0.85,0.85,50.17
1,1,100000000000000,-0.5,0.95,0.05,1202,-2.35,-2.35,39.18
1,1000000,100000000000000,-0.5,0.95,0.05,1202,-2.35,-2.35,39.18
1,10000000,100000000000000,-0.5,0.95,0.05,1121,-2.21,-2.21,40.68
1,10000000,1000000000,-0.5,0.95,0.05,822,-3.32,-3.32,37.23
1,50000000,10000000000,-0.5,0.95,0.05,885,-1.53,-1.53,42.37
1,100000000,1000000000000,-0.5,0.95,0.05,831,-0.6,-0.6,45.97
1,1000000000,100000000000000,-0.5,0.95,0.05,299,0.85,0.85,50.17
1,1,100000000000000,-0.5,1.0,0.0,1201,-2.33,-2.33,39.22
1,1000000,100000000000000,-0.5,1.0,0.0,1201,-2.33,-2.33,39.22
1,10000000,100000000000000,-0.5,1.0,0.0,1121,-2.21,-2.21,40.68
1,10000000,1000000000,-0.5,1.0,0.0,822,-3.32,-3.32,37.23
1,50000000,10000000000,-0.5,1.0,0.0,885,-1.53,-1.53,42.37
1,100000000,1000000000000,-0.5,1.0,0.0,831,-0.6,-0.6,45.97
1,1000000000,100000000000000,-0.5,1.0,0.0,299,0.85,0.85,50.17
0,1,100000000000000,-0.5,0.0,1.0,1194,-1.5,-0.34,39.2
0,1000000,100000000000000,-0.5,0.0,1.0,1194,-1.5,-0.34,39.2
0,10000000,100000000000000,-0.5,0.0,1.0,1112,-1.26,-0.3,40.74
0,10000000,1000000000,-0.5,0.0,1.0,814,-3.03,-0.22,37.22
0,50000000,10000000000,-0.5,0.0,1.0,876,-0.65,-0.08,42.47
0,100000000,1000000000000,-0.5,0.0,1.0,824,-0.95,-0.29,46.0
0,1000000000,100000000000000,-0.5,0.0,1.0,298,-0.75,-0.51,50.34
0,1,100000000000000,-0.5,0.2,0.8,1197,-1.49,-0.34,39.26
0,1000000,100000000000000,-0.5,0.2,0.8,1197,-1.49,-0.34,39.26
0,10000000,100000000000000,-0.5,0.2,0.8,1115,-1.25,-0.3,40.81
0,10000000,1000000000,-0.5,0.2,0.8,817,-2.99,-0.22,37.33
0,50000000,10000000000,-0.5,0.2,0.8,879,-0.64,-0.08,42.55
0,100000000,1000000000000,-0.5,0.2,0.8,826,-0.94,-0.29,46.13
0,1000000000,100000000000000,-0.5,0.2,0.8,298,-0.75,-0.51,50.34
0,1,100000000000000,-0.5,0.4,0.6,1204,-1.51,-0.34,39.12
0,1000000,100000000000000,-0.5,0.4,0.6,1204,-1.51,-0.34,39.12
0,10000000,100000000000000,-0.5,0.4,0.6,1122,-1.28,-0.3,40.64
0,10000000,1000000000,-0.5,0.4,0.6,823,-3.04,-0.22,37.18
0,50000000,10000000000,-0.5,0.4,0.6,885,-0.69,-0.09,42.37
0,100000000,1000000000000,-0.5,0.4,0.6,831,-0.96,-0.29,45.97
0,1000000000,100000000000000,-0.5,0.4,0.6,299,-0.77,-0.52,50.17
0,1,100000000000000,-0.5,0.6,0.4,1204,-1.51,-0.34,39.12
0,1000000,100000000000000,-0.5,0.6,0.4,1204,-1.51,-0.34,39.12
0,10000000,100000000000000,-0.5,0.6,0.4,1122,-1.28,-0.3,40.64
0,10000000,1000000000,-0.5,0.6,0.4,823,-3.04,-0.22,37.18
0,50000000,10000000000,-0.5,0.6,0.4,885,-0.69,-0.09,42.37
0,100000000,1000000000000,-0.5,0.6,0.4,831,-0.96,-0.29,45.97
0,1000000000,100000000000000,-0.5,0.6,0.4,299,-0.77,-0.52,50.17
0,1,100000000000000,-0.5,0.7,0.3,1204,-1.51,-0.34,39.12
0,1000000,100000000000000,-0.5,0.7,0.3,1204,-1.51,-0.34,39.12
0,10000000,100000000000000,-0.5,0.7,0.3,1122,-1.28,-0.3,40.64
0,10000000,1000000000,-0.5,0.7,0.3,823,-3.04,-0.22,37.18
0,50000000,10000000000,-0.5,0.7,0.3,885,-0.69,-0.09,42.37
0,100000000,1000000000000,-0.5,0.7,0.3,831,-0.96,-0.29,45.97
0,1000000000,100000000000000,-0.5,0.7,0.3,299,-0.77,-0.52,50.17
0,1,100000000000000,-0.5,0.75,0.25,1204,-1.51,-0.34,39.12
0,1000000,100000000000000,-0.5,0.75,0.25,1204,-1.51,-0.34,39.12
0,10000000,100000000000000,-0.5,0.75,0.25,1122,-1.28,-0.3,40.64
0,10000000,1000000000,-0.5,0.75,0.25,823,-3.04,-0.22,37.18
0,50000000,10000000000,-0.5,0.75,0.25,885,-0.69,-0.09,42.37
0,100000000,1000000000000,-0.5,0.75,0.25,831,-0.96,-0.29,45.97
0,1000000000,100000000000000,-0.5,0.75,0.25,299,-0.77,-0.52,50.17
0,1,100000000000000,-0.5,0.8,0.2,1204,-1.51,-0.34,39.12
0,1000000,100000000000000,-0.5,0.8,0.2,1204,-1.51,-0.34,39.12
0,10000000,100000000000000,-0.5,0.8,0.2,1122,-1.28,-0.3,40.64
0,10000000,1000000000,-0.5,0.8,0.2,823,-3.04,-0.22,37.18
0,50000000,10000000000,-0.5,0.8,0.2,885,-0.69,-0.09,42.37
0,100000000,1000000000000,-0.5,0.8,0.2,831,-0.96,-0.29,45.97
0,1000000000,100000000000000,-0.5,0.8,0.2,299,-0.77,-0.52,50.17
0,1,100000000000000,-0.5,0.85,0.15,1204,-1.51,-0.34,39.12
0,1000000,100000000000000,-0.5,0.85,0.15,1204,-1.51,-0.34,39.12
0,10000000,100000000000000,-0.5,0.85,0.15,1122,-1.28,-0.3,40.64
0,10000000,1000000000,-0.5,0.85,0.15,823,-3.04,-0.22,37.18
0,50000000,10000000000,-0.5,0.85,0.15,885,-0.69,-0.09,42.37
0,100000000,1000000000000,-0.5,0.85,0.15,831,-0.96,-0.29,45.97
0,1000000000,100000000000000,-0.5,0.85,0.15,299,-0.77,-0.52,50.17
0,1,100000000000000,-0.5,0.9,0.1,1203,-1.51,-0.34,39.15
0,1000000,100000000000000,-0.5,0.9,0.1,1203,-1.51,-0.34,39.15
0,10000000,100000000000000,-0.5,0.9,0.1,1121,-1.28,-0.3,40.68
0,10000000,1000000000,-0.5,0.9,0.1,822,-3.04,-0.22,37.23
0,50000000,10000000000,-0.5,0.9,0.1,885,-0.69,-0.09,42.37
0,100000000,1000000000000,-0.5,0.9,0.1,831,-0.96,-0.29,45.97
0,1000000000,100000000000000,-0.5,0.9,0.1,299,-0.77,-0.52,50.17
0,1,100000000000000,-0.5,0.95,0.05,1202,-1.51,-0.34,39.18
0,1000000,100000000000000,-0.5,0.95,0.05,1202,-1.51,-0.34,39.18
0,10000000,100000000000000,-0.5,0.95,0.05,1121,-1.28,-0.3,40.68
0,10000000,1000000000,-0.5,0.95,0.05,822,-3.04,-0.22,37.23
0,50000000,10000000000,-0.5,0.95,0.05,885,-0.69,-0.09,42.37
0,100000000,1000000000000,-0.5,0.95,0.05,831,-0.96,-0.29,45.97
0,1000000000,100000000000000,-0.5,0.95,0.05,299,-0.77,-0.52,50.17
0,1,100000000000000,-0.5,1.0,0.0,1201,-1.51,-0.34,39.22
0,1000000,100000000000000,-0.5,1.0,0.0,1201,-1.51,-0.34,39.22
0,10000000,100000000000000,-0.5,1.0,0.0,1121,-1.28,-0.3,40.68
0,10000000,1000000000,-0.5,1.0,0.0,822,-3.04,-0.22,37.23
0,50000000,10000000000,-0.5,1.0,0.0,885,-0.69,-0.09,42.37
0,100000000,1000000000000,-0.5,1.0,0.0,831,-0.96,-0.29,45.97
0,1000000000,100000000000000,-0.5,1.0,0.0,299,-0.77,-0.52,50.17
1,1,100000000000000,0,0.0,1.0,1084,-2.4,-2.4,38.28
1,1000000,100000000000000,0,0.0,1.0,1084,-2.4,-2.4,38.28
1,10000000,100000000000000,0,0.0,1.0,1006,-2.27,-2.27,39.86
1,10000000,1000000000,0,0.0,1.0,746,-3.26,-3.26,36.6
1,50000000,10000000000,0,0.0,1.0,790,-1.73,-1.73,41.39
1,100000000,1000000000000,0,0.0,1.0,736,-0.86,-0.86,44.84
1,1000000000,100000000000000,0,0.0,1.0,260,0.56,0.56,49.23
1,1,100000000000000,0,0.2,0.8,733,-1.91,-1.91,38.74
1,1000000,100000000000000,0,0.2,0.8,733,-1.91,-1.91,38.74
1,10000000,100000000000000,0,0.2,0.8,674,-1.98,-1.98,40.65
1,10000000,1000000000,0,0.2,0.8,505,-3.01,-3.01,37.62
1,50000000,10000000000,0,0.2,0.8,516,-1.05,-1.05,43.6
1,100000000,1000000000000,0,0.2,0.8,475,-0.29,-0.29,46.95
1,1000000000,100000000000000,0,0.2,0.8,169,1.1,1.1,49.7
1,1,100000000000000,0,0.4,0.6,719,-1.95,-1.95,38.66
1,1000000,100000000000000,0,0.4,0.6,719,-1.95,-1.95,38.66
1,10000000,100000000000000,0,0.4,0.6,662,-2.04,-2.04,40.48
1,10000000,1000000000,0,0.4,0.6,498,-3.1,-3.1,37.55
1,50000000,10000000000,0,0.4,0.6,506,-1.12,-1.12,43.68
1,100000000,1000000000000,0,0.4,0.6,468,-0.41,-0.41,46.79
1,1000000000,100000000000000,0,0.4,0.6,164,1.16,1.16,49.39
1,1,100000000000000,0,0.6,0.4,677,-1.66,-1.66,39.59
1,1000000,100000000000000,0,0.6,0.4,677,-1.66,-1.66,39.59
1,10000000,100000000000000,0,0.6,0.4,626,-1.81,-1.81,41.37
1,10000000,1000000000,0,0.6,0.4,474,-2.99,-2.99,37.97
1,50000000,10000000000,0,0.6,0.4,481,-1.04,-1.04,44.07
1,100000000,1000000000000,0,0.6,0.4,444,-0.21,-0.21,47.75
1,1000000000,100000000000000,0,0.6,0.4,152,1.86,1.86,51.97
1,1,100000000000000,0,0.7,0.3,657,-1.44,-1.44,39.57
1,1000000,100000000000000,0,0.7,0.3,657,-1.44,-1.44,39.57
1,10000000,100000000000000,0,0.7,0.3,608,-1.59,-1.59,41.28
1,10000000,1000000000,0,0.7,0.3,457,-2.69,-2.69,38.29
1,50000000,10000000000,0,0.7,0.3,463,-0.77,-0.77,44.06
1,100000000,1000000000000,0,0.7,0.3,432,0.02,0.02,47.22
1,1000000000,100000000000000,0,0.7,0.3,151,1.75,1.75,50.33
1,1,100000000000000,0,0.75,0.25,640,-1.44,-1.44,39.84
1,1000000,100000000000000,0,0.75,0.25,640,-1.44,-1.44,39.84
1,10000000,100000000000000,0,0.75,0.25,591,-1.6,-1.6,41.62
1,10000000,1000000000,0,0.75,0.25,444,-2.75,-2.75,38.51
1,50000000,10000000000,0,0.75,0.25,449,-0.72,-0.72,44.54
1,100000000,1000000000000,0,0.75,0.25,418,0.13,0.13,47.85
1,1000000000,100000000000000,0,0.75,0.25,147,1.88,1.88,51.02
1,1,100000000000000,0,0.8,0.2,614,-1.99,-1.99,39.74
1,1000000,100000000000000,0,0.8,0.2,614,-1.99,-1.99,39.74
1,10000000,100000000000000,0,0.8,0.2,566,-1.65,-1.65,41.7
1,10000000,1000000000,0,0.8,0.2,428,-2.88,-2.88,38.79
1,50000000,10000000000,0,0.8,0.2,426,-0.76,-0.76,44.6
1,100000000,1000000000000,0,0.8,0.2,398,0.26,0.26,47.99
1,1000000000,100000000000000,0,0.8,0.2,138,2.17,2.17,50.72
1,1,100000000000000,0,0.85,0.15,597,-1.9,-1.9,40.03
1,1000000,100000000000000,0,0.85,0.15,597,-1.9,-1.9,40.03
1,10000000,100000000000000,0,0.85,0.15,549,-1.54,-1.54,42.08
1,10000000,1000000000,0,0.85,0.15,418,-2.75,-2.75,39.0
1,50000000,10000000000,0,0.85,0.15,413,-0.62,-0.62,45.04
1,100000000,1000000000000,0,0.85,0.15,384,0.44,0.44,48.44
1,1000000000,100000000000000,0,0.85,0.15,131,2.34,2.34,51.91
1,1,100000000000000,0,0.9,0.1,577,-1.76,-1.76,40.73
1,1000000,100000000000000,0,0.9,0.1,577,-1.76,-1.76,40.73
1,10000000,100000000000000,0,0.9,0.1,532,-1.44,-1.44,42.67
1,10000000,1000000000,0,0.9,0.1,404,-2.74,-2.74,39.36
1,50000000,10000000000,0,0.9,0.1,398,-0.54,-0.54,45.73
1,100000000,1000000000000,0,0.9,0.1,370,0.62,0.62,49.19
1,1000000000,100000000000000,0,0.9,0.1,128,2.67,2.67,53.12
1,1,100000000000000,0,0.95,0.05,555,-1.89,-1.89,40.0
1,1000000,100000000000000,0,0.95,0.05,555,-1.89,-1.89,40.0
1,10000000,100000000000000,0,0.95,0.05,512,-1.58,-1.58,41.8
1,10000000,1000000000,0,0.95,0.05,389,-2.77,-2.77,38.56
1,50000000,10000000000,0,0.95,0.05,382,-0.67,-0.67,44.76
1,100000000,1000000000000,0,0.95,0.05,354,0.52,0.52,48.31
1,1000000000,100000000000000,0,0.95,0.05,123,2.21,2.21,52.03
1,1,100000000000000,0,1.0,0.0,543,-1.85,-1.85,40.52
1,1000000,100000000000000,0,1.0,0.0,543,-1.85,-1.85,40.52
1,10000000,100000000000000,0,1.0,0.0,501,-1.54,-1.54,42.32
1,10000000,1000000000,0,1.0,0.0,380,-2.73,-2.73,39.21
1,50000000,10000000000,0,1.0,0.0,375,-0.58,-0.58,45.33
1,100000000,1000000000000,0,1.0,0.0,346,0.59,0.59,48.84
1,1000000000,100000000000000,0,1.0,0.0,121,2.2,2.2,52.07
0,1,100000000000000,0,0.0,1.0,1084,-1.62,-0.37,38.28
0,1000000,100000000000000,0,0.0,1.0,1084,-1.62,-0.37,38.28
0,10000000,100000000000000,0,0.0,1.0,1006,-1.38,-0.33,39.86
0,10000000,1000000000,0,0.0,1.0,746,-3.03,-0.22,36.6
0,50000000,10000000000,0,0.0,1.0,790,-1.19,-0.15,41.39
0,100000000,1000000000000,0,0.0,1.0,736,-1.17,-0.36,44.84
0,1000000000,100000000000000,0,0.0,1.0,260,-0.91,-0.65,49.23
0,1,100000000000000,0,0.2,0.8,733,-0.83,-0.2,38.74
0,1000000,100000000000000,0,0.2,0.8,733,-0.83,-0.2,38.74
0,10000000,100000000000000,0,0.2,0.8,674,-0.51,-0.13,40.65
0,10000000,1000000000,0,0.2,0.8,505,-2.6,-0.18,37.62
0,50000000,10000000000,0,0.2,0.8,516,-0.62,-0.08,43.6
0,100000000,1000000000000,0,0.2,0.8,475,-0.34,-0.11,46.95
0,1000000000,100000000000000,0,0.2,0.8,169,0.05,0.04,49.7
0,1,100000000000000,0,0.4,0.6,719,-0.85,-0.2,38.66
0,1000000,100000000000000,0,0.4,0.6,719,-0.85,-0.2,38.66
0,10000000,100000000000000,0,0.4,0.6,662,-0.52,-0.13,40.48
0,10000000,1000000000,0,0.4,0.6,498,-2.64,-0.18,37.55
0,50000000,10000000000,0,0.4,0.6,506,-0.5,-0.06,43.68
0,100000000,1000000000000,0,0.4,0.6,468,-0.36,-0.12,46.79
0,1000000000,100000000000000,0,0.4,0.6,164,0.03,0.02,49.39
0,1,100000000000000,0,0.6,0.4,677,-0.26,-0.06,39.59
0,1000000,100000000000000,0,0.6,0.4,677,-0.26,-0.06,39.59
0,10000000,100000000000000,0,0.6,0.4,626,0.1,0.02,41.37
0,10000000,1000000000,0,0.6,0.4,474,-1.95,-0.13,37.97
0,50000000,10000000000,0,0.6,0.4,481,-0.02,-0.0,44.07
0,100000000,1000000000000,0,0.6,0.4,444,0.29,0.09,47.75
0,1000000000,100000000000000,0,0.6,0.4,152,0.66,0.51,51.97
0,1,100000000000000,0,0.7,0.3,657,-0.29,-0.07,39.57
0,1000000,100000000000000,0,0.7,0.3,657,-0.29,-0.07,39.57
0,10000000,100000000000000,0,0.7,0.3,608,0.07,0.02,41.28
0,10000000,1000000000,0,0.7,0.3,457,-1.76,-0.12,38.29
0,50000000,10000000000,0,0.7,0.3,463,-0.02,-0.0,44.06
0,100000000,1000000000000,0,0.7,0.3,432,0.24,0.08,47.22
0,1000000000,100000000000000,0,0.7,0.3,151,0.55,0.44,50.33
0,1,100000000000000,0,0.75,0.25,640,0.02,0.0,39.84
0,1000000,100000000000000,0,0.75,0.25,640,0.02,0.0,39.84
0,10000000,100000000000000,0,0.75,0.25,591,0.41,0.1,41.62
0,10000000,1000000000,0,0.75,0.25,444,-1.21,-0.08,38.51
0,50000000,10000000000,0,0.75,0.25,449,0.29,0.04,44.54
0,100000000,1000000000000,0,0.75,0.25,418,0.59,0.19,47.85
0,1000000000,100000000000000,0,0.75,0.25,147,0.83,0.64,51.02
0,1,100000000000000,0,0.8,0.2,614,-0.0,-0.0,39.74
0,1000000,100000000000000,0,0.8,0.2,614,-0.0,-0.0,39.74
0,10000000,100000000000000,0,0.8,0.2,566,0.44,0.11,41.7
0,10000000,1000000000,0,0.8,0.2,428,-1.09,-0.07,38.79
0,50000000,10000000000,0,0.8,0.2,426,0.36,0.04,44.6
0,100000000,1000000000000,0,0.8,0.2,398,0.65,0.22,47.99
0,1000000000,100000000000000,0,0.8,0.2,138,0.83,0.66,50.72
0,1,100000000000000,0,0.85,0.15,597,0.07,0.02,40.03
0,1000000,100000000000000,0,0.85,0.15,597,0.07,0.02,40.03
0,10000000,100000000000000,0,0.85,0.15,549,0.53,0.13,42.08
0,10000000,1000000000,0,0.85,0.15,418,-1.03,-0.07,39.0
0,50000000,10000000000,0,0.85,0.15,413,0.49,0.06,45.04
0,100000000,1000000000000,0,0.85,0.15,384,0.75,0.25,48.44
0,1000000000,100000000000000,0,0.85,0.15,131,0.94,0.75,51.91
0,1,100000000000000,0,0.9,0.1,577,0.08,0.02,40.73
0,1000000,100000000000000,0,0.9,0.1,577,0.08,0.02,40.73
0,10000000,100000000000000,0,0.9,0.1,532,0.53,0.13,42.67
0,10000000,1000000000,0,0.9,0.1,404,-1.49,-0.09,39.36
0,50000000,10000000000,0,0.9,0.1,398,0.35,0.04,45.73
0,100000000,1000000000000,0,0.9,0.1,370,0.75,0.25,49.19
0,1000000000,100000000000000,0,0.9,0.1,128,1.03,0.83,53.12
0,1,100000000000000,0,0.95,0.05,555,-0.17,-0.04,40.0
0,1000000,100000000000000,0,0.95,0.05,555,-0.17,-0.04,40.0
0,10000000,100000000000000,0,0.95,0.05,512,0.28,0.07,41.8
0,10000000,1000000000,0,0.95,0.05,389,-1.6,-0.1,38.56
0,50000000,10000000000,0,0.95,0.05,382,-0.06,-0.01,44.76
0,100000000,1000000000000,0,0.95,0.05,354,0.52,0.17,48.31
0,1000000000,100000000000000,0,0.95,0.05,123,0.72,0.59,52.03
0,1,100000000000000,0,1.0,0.0,543,-0.45,-0.1,40.52
0,1000000,100000000000000,0,1.0,0.0,543,-0.45,-0.1,40.52
0,10000000,100000000000000,0,1.0,0.0,501,0.01,0.0,42.32
0,10000000,1000000000,0,1.0,0.0,380,-1.19,-0.07,39.21
0,50000000,10000000000,0,1.0,0.0,375,0.28,0.03,45.33
0,100000000,1000000000000,0,1.0,0.0,346,0.24,0.08,48.84
0,1000000000,100000000000000,0,1.0,0.0,121,0.29,0.23,52.07
1,1,100000000000000,0.1,0.0,1.0,375,-2.03,-2.03,37.07
1,1000000,100000000000000,0.1,0.0,1.0,375,-2.03,-2.03,37.07
1,10000000,100000000000000,0.1,0.0,1.0,347,-2.43,-2.43,38.62
1,10000000,1000000000,0.1,0.0,1.0,259,-3.02,-3.02,36.29
1,50000000,10000000000,0.1,0.0,1.0,270,-1.11,-1.11,42.22
1,100000000,1000000000000,0.1,0.0,1.0,251,-0.87,-0.87,45.02
1,1000000000,100000000000000,0.1,0.0,1.0,88,-0.69,-0.69,45.45
1,1,100000000000000,0.1,0.2,0.8,337,-2.34,-2.34,35.91
1,1000000,100000000000000,0.1,0.2,0.8,337,-2.34,-2.34,35.91
1,10000000,100000000000000,0.1,0.2,0.8,311,-2.83,-2.83,37.62
1,10000000,1000000000,0.1,0.2,0.8,239,-3.79,-3.79,34.31
1,50000000,10000000000,0.1,0.2,0.8,242,-1.64,-1.64,40.91
1,100000000,1000000000000,0.1,0.2,0.8,220,-1.17,-1.17,45.0
1,1000000000,100000000000000,0.1,0.2,0.8,72,0.35,0.35,48.61
1,1,100000000000000,0.1,0.4,0.6,310,-2.15,-2.15,37.74
1,1000000,100000000000000,0.1,0.4,0.6,310,-2.15,-2.15,37.74
1,10000000,100000000000000,0.1,0.4,0.6,287,-2.86,-2.86,39.72
1,10000000,1000000000,0.1,0.4,0.6,225,-3.75,-3.75,36.89
1,50000000,10000000000,0.1,0.4,0.6,217,-1.77,-1.77,43.32
1,100000000,1000000000000,0.1,0.4,0.6,196,-1.37,-1.37,47.45
1,1000000000,100000000000000,0.1,0.4,0.6,62,0.36,0.36,50.0
1,1,100000000000000,0.1,0.6,0.4,283,-1.67,-1.67,39.58
1,1000000,100000000000000,0.1,0.6,0.4,283,-1.67,-1.67,39.58
1,10000000,100000000000000,0.1,0.6,0.4,256,-2.34,-2.34,41.8
1,10000000,1000000000,0.1,0.6,0.4,202,-2.93,-2.93,39.6
1,50000000,10000000000,0.1,0.6,0.4,185,-0.84,-0.84,46.49
1,100000000,1000000000000,0.1,0.6,0.4,170,-0.55,-0.55,49.41
1,1000000000,100000000000000,0.1,0.6,0.4,54,-0.14,-0.14,50.0
1,1,100000000000000,0.1,0.7,0.3,258,-2.78,-2.78,39.53
1,1000000,100000000000000,0.1,0.7,0.3,258,-2.78,-2.78,39.53
1,10000000,100000000000000,0.1,0.7,0.3,235,-2.47,-2.47,41.7
1,10000000,1000000000,0.1,0.7,0.3,184,-3.19,-3.19,39.13
1,50000000,10000000000,0.1,0.7,0.3,169,-1.1,-1.1,46.15
1,100000000,1000000000000,0.1,0.7,0.3,155,-0.51,-0.51,49.03
1,1000000000,100000000000000,0.1,0.7,0.3,51,0.14,0.14,50.98
1,1,100000000000000,0.1,0.75,0.25,254,-2.66,-2.66,40.16
1,1000000,100000000000000,0.1,0.75,0.25,254,-2.66,-2.66,40.16
1,10000000,100000000000000,0.1,0.75,0.25,231,-2.36,-2.36,42.42
1,10000000,1000000000,0.1,0.75,0.25,179,-3.11,-3.11,39.66
1,50000000,10000000000,0.1,0.75,0.25,166,-0.97,-0.97,46.99
1,100000000,1000000000000,0.1,0.75,0.25,150,-0.21,-0.21,50.67
1,1000000000,100000000000000,0.1,0.75,0.25,52,0.23,0.23,51.92
1,1,100000000000000,0.1,0.8,0.2,252,-2.17,-2.17,40.87
1,1000000,100000000000000,0.1,0.8,0.2,252,-2.17,-2.17,40.87
1,10000000,100000000000000,0.1,0.8,0.2,228,-1.81,-1.81,43.86
1,10000000,1000000000,0.1,0.8,0.2,179,-2.48,-2.48,40.78
1,50000000,10000000000,0.1,0.8,0.2,162,-0.13,-0.13,49.38
1,100000000,1000000000000,0.1,0.8,0.2,147,0.66,0.66,53.74
1,1000000000,100000000000000,0.1,0.8,0.2,49,0.64,0.64,55.1
1,1,100000000000000,0.1,0.85,0.15,246,-2.11,-2.11,41.46
1,1000000,100000000000000,0.1,0.85,0.15,246,-2.11,-2.11,41.46
1,10000000,100000000000000,0.1,0.85,0.15,223,-1.73,-1.73,44.39
1,10000000,1000000000,0.1,0.85,0.15,174,-2.5,-2.5,41.38
1,50000000,10000000000,0.1,0.85,0.15,155,0.1,0.1,50.97
1,100000000,1000000000000,0.1,0.85,0.15,142,0.85,0.85,54.93
1,1000000000,100000000000000,0.1,0.85,0.15,49,1.01,1.01,55.1
1,1,100000000000000,0.1,0.9,0.1,243,-2.34,-2.34,41.56
1,1000000,100000000000000,0.1,0.9,0.1,243,-2.34,-2.34,41.56
1,10000000,100000000000000,0.1,0.9,0.1,220,-1.95,-1.95,44.55
1,10000000,1000000000,0.1,0.9,0.1,173,-2.82,-2.82,41.04
1,50000000,10000000000,0.1,0.9,0.1,153,-0.24,-0.24,50.98
1,100000000,1000000000000,0.1,0.9,0.1,138,0.88,0.88,57.25
1,1000000000,100000000000000,0.1,0.9,0.1,47,1.28,1.28,57.45
1,1,100000000000000,0.1,0.95,0.05,238,-2.12,-2.12,41.6
1,1000000,100000000000000,0.1,0.95,0.05,238,-2.12,-2.12,41.6
1,10000000,100000000000000,0.1,0.95,0.05,216,-1.74,-1.74,44.44
1,10000000,1000000000,0.1,0.95,0.05,168,-2.55,-2.55,42.26
1,50000000,10000000000,0.1,0.95,0.05,149,0.16,0.16,51.68
1,100000000,1000000000000,0.1,0.95,0.05,136,1.1,1.1,56.62
1,1000000000,100000000000000,0.1,0.95,0.05,48,1.07,1.07,52.08
1,1,100000000000000,0.1,1.0,0.0,238,-2.5,-2.5,39.92
1,1000000,100000000000000,0.1,1.0,0.0,238,-2.5,-2.5,39.92
1,10000000,100000000000000,0.1,1.0,0.0,215,-2.15,-2.15,42.79
1,10000000,1000000000,0.1,1.0,0.0,172,-2.88,-2.88,41.28
1,50000000,10000000000,0.1,1.0,0.0,146,-0.03,-0.03,50.68
1,100000000,1000000000000,0.1,1.0,0.0,129,1.02,1.02,55.81
1,1000000000,100000000000000,0.1,1.0,0.0,43,0.77,0.77,48.84
0,1,100000000000000,0.1,0.0,1.0,375,-1.52,-0.32,37.07
0,1000000,100000000000000,0.1,0.0,1.0,375,-1.52,-0.32,37.07
0,10000000,100000000000000,0.1,0.0,1.0,347,-1.42,-0.32,38.62
0,10000000,1000000000,0.1,0.0,1.0,259,-2.39,-0.18,36.29
0,50000000,10000000000,0.1,0.0,1.0,270,-1.03,-0.16,42.22
0,100000000,1000000000000,0.1,0.0,1.0,251,-1.29,-0.38,45.02
0,1000000000,100000000000000,0.1,0.0,1.0,88,-1.09,-0.71,45.45
0,1,100000000000000,0.1,0.2,0.8,337,-0.91,-0.17,35.91
0,1000000,100000000000000,0.1,0.2,0.8,337,-0.91,-0.17,35.91
0,10000000,100000000000000,0.1,0.2,0.8,311,-0.78,-0.16,37.62
0,10000000,1000000000,0.1,0.2,0.8,239,-2.96,-0.23,34.31
0,50000000,10000000000,0.1,0.2,0.8,242,-0.82,-0.12,40.91
0,100000000,1000000000000,0.1,0.2,0.8,220,-0.59,-0.16,45.0
0,1000000000,100000000000000,0.1,0.2,0.8,72,0.1,0.06,48.61
0,1,100000000000000,0.1,0.4,0.6,310,-1.22,-0.21,37.74
0,1000000,100000000000000,0.1,0.4,0.6,310,-1.22,-0.21,37.74
0,10000000,100000000000000,0.1,0.4,0.6,287,-1.02,-0.19,39.72
0,10000000,1000000000,0.1,0.4,0.6,225,-2.74,-0.21,36.89
0,50000000,10000000000,0.1,0.4,0.6,217,-1.07,-0.16,43.32
0,100000000,1000000000000,0.1,0.4,0.6,196,-0.83,-0.21,47.45
0,1000000000,100000000000000,0.1,0.4,0.6,62,-0.22,-0.13,50.0
0,1,100000000000000,0.1,0.6,0.4,283,-0.92,-0.15,39.58
0,1000000,100000000000000,0.1,0.6,0.4,283,-0.92,-0.15,39.58
0,10000000,100000000000000,0.1,0.6,0.4,256,-0.68,-0.12,41.8
0,10000000,1000000000,0.1,0.6,0.4,202,-1.04,-0.07,39.6
0,50000000,10000000000,0.1,0.6,0.4,185,-1.4,-0.19,46.49
0,100000000,1000000000000,0.1,0.6,0.4,170,-0.46,-0.11,49.41
0,1000000000,100000000000000,0.1,0.6,0.4,54,-0.53,-0.31,50.0
0,1,100000000000000,0.1,0.7,0.3,258,-2.14,-0.33,39.53
0,1000000,100000000000000,0.1,0.7,0.3,258,-2.14,-0.33,39.53
0,10000000,100000000000000,0.1,0.7,0.3,235,-1.9,-0.31,41.7
0,10000000,1000000000,0.1,0.7,0.3,184,-2.76,-0.15,39.13
0,50000000,10000000000,0.1,0.7,0.3,169,-1.42,-0.17,46.15
0,100000000,1000000000000,0.1,0.7,0.3,155,-1.76,-0.4,49.03
0,1000000000,100000000000000,0.1,0.7,0.3,51,-1.6,-0.87,50.98
0,1,100000000000000,0.1,0.75,0.25,254,-2.66,-0.44,40.16
0,1000000,100000000000000,0.1,0.75,0.25,254,-2.66,-0.44,40.16
0,10000000,100000000000000,0.1,0.75,0.25,231,-1.73,-0.28,42.42
0,10000000,1000000000,0.1,0.75,0.25,179,-2.48,-0.13,39.66
0,50000000,10000000000,0.1,0.75,0.25,166,-1.18,-0.14,46.99
0,100000000,1000000000000,0.1,0.75,0.25,150,-1.55,-0.36,50.67
0,1000000000,100000000000000,0.1,0.75,0.25,52,-1.47,-0.79,51.92
0,1,100000000000000,0.1,0.8,0.2,252,-1.51,-0.24,40.87
0,1000000,100000000000000,0.1,0.8,0.2,252,-1.51,-0.24,40.87
0,10000000,100000000000000,0.1,0.8,0.2,228,-0.36,-0.06,43.86
0,10000000,1000000000,0.1,0.8,0.2,179,0.69,0.04,40.78
0,50000000,10000000000,0.1,0.8,0.2,162,1.57,0.17,49.38
0,100000000,1000000000000,0.1,0.8,0.2,147,-0.06,-0.01,53.74
0,1000000000,100000000000000,0.1,0.8,0.2,49,-0.75,-0.39,55.1
0,1,100000000000000,0.1,0.85,0.15,246,-1.29,-0.2,41.46
0,1000000,100000000000000,0.1,0.85,0.15,246,-1.29,-0.2,41.46
0,10000000,100000000000000,0.1,0.85,0.15,223,-0.06,-0.01,44.39
0,10000000,1000000000,0.1,0.85,0.15,174,0.58,0.03,41.38
0,50000000,10000000000,0.1,0.85,0.15,155,2.52,0.27,50.97
0,100000000,1000000000000,0.1,0.85,0.15,142,0.35,0.08,54.93
0,1000000000,100000000000000,0.1,0.85,0.15,49,-0.27,-0.14,55.1
0,1,100000000000000,0.1,0.9,0.1,243,-0.4,-0.06,41.56
0,1000000,100000000000000,0.1,0.9,0.1,243,-0.4,-0.06,41.56
0,10000000,100000000000000,0.1,0.9,0.1,220,1.13,0.15,44.55
0,10000000,1000000000,0.1,0.9,0.1,173,-0.35,-0.02,41.04
0,50000000,10000000000,0.1,0.9,0.1,153,2.01,0.21,50.98
0,100000000,1000000000000,0.1,0.9,0.1,138,1.73,0.35,57.25
0,1000000000,100000000000000,0.1,0.9,0.1,47,1.71,0.78,57.45
0,1,100000000000000,0.1,0.95,0.05,238,-0.52,-0.08,41.6
0,1000000,100000000000000,0.1,0.95,0.05,238,-0.52,-0.08,41.6
0,10000000,100000000000000,0.1,0.95,0.05,216,0.91,0.13,44.44
0,10000000,1000000000,0.1,0.95,0.05,168,-0.18,-0.01,42.26
0,50000000,10000000000,0.1,0.95,0.05,149,2.43,0.26,51.68
0,100000000,1000000000000,0.1,0.95,0.05,136,1.45,0.31,56.62
0,1000000000,100000000000000,0.1,0.95,0.05,48,1.28,0.62,52.08
0,1,100000000000000,0.1,1.0,0.0,238,-1.02,-0.14,39.92
0,1000000,100000000000000,0.1,1.0,0.0,238,-1.02,-0.14,39.92
0,10000000,100000000000000,0.1,1.0,0.0,215,0.46,0.06,42.79
0,10000000,1000000000,0.1,1.0,0.0,172,-0.22,-0.01,41.28
0,50000000,10000000000,0.1,1.0,0.0,146,2.04,0.19,50.68
0,100000000,1000000000000,0.1,1.0,0.0,129,1.06,0.22,55.81
0,1000000000,100000000000000,0.1,1.0,0.0,43,0.71,0.35,48.84
1,1,100000000000000,0.15,0.0,1.0,333,-2.31,-2.31,35.74
1,1000000,100000000000000,0.15,0.0,1.0,333,-2.31,-2.31,35.74
1,10000000,100000000000000,0.15,0.0,1.0,307,-2.8,-2.8,37.46
1,10000000,1000000000,0.15,0.0,1.0,231,-3.53,-3.53,34.63
1,50000000,10000000000,0.15,0.0,1.0,239,-1.31,-1.31,41.84
1,100000000,1000000000000,0.15,0.0,1.0,219,-1.18,-1.18,44.75
1,1000000000,100000000000000,0.15,0.0,1.0,76,-0.59,-0.59,46.05
1,1,100000000000000,0.15,0.2,0.8,267,-2.79,-2.79,35.58
1,1000000,100000000000000,0.15,0.2,0.8,267,-2.79,-2.79,35.58
1,10000000,100000000000000,0.15,0.2,0.8,247,-3.51,-3.51,37.25
1,10000000,1000000000,0.15,0.2,0.8,192,-4.59,-4.59,33.85
1,50000000,10000000000,0.15,0.2,0.8,190,-2.09,-2.09,41.05
1,100000000,1000000000000,0.15,0.2,0.8,169,-1.86,-1.86,44.38
1,1000000000,100000000000000,0.15,0.2,0.8,55,0.24,0.24,49.09
1,1,100000000000000,0.15,0.4,0.6,215,-2.54,-2.54,35.35
1,1000000,100000000000000,0.15,0.4,0.6,215,-2.54,-2.54,35.35
1,10000000,100000000000000,0.15,0.4,0.6,200,-3.6,-3.6,37.0
1,10000000,1000000000,0.15,0.4,0.6,155,-4.24,-4.24,34.84
1,50000000,10000000000,0.15,0.4,0.6,153,-2.4,-2.4,40.52
1,100000000,1000000000000,0.15,0.4,0.6,139,-2.49,-2.49,43.17
1,1000000000,100000000000000,0.15,0.4,0.6,45,-1.39,-1.39,44.44
1,1,100000000000000,0.15,0.6,0.4,153,-3.8,-3.8,36.6
1,1000000,100000000000000,0.15,0.6,0.4,153,-3.8,-3.8,36.6
1,10000000,100000000000000,0.15,0.6,0.4,138,-3.58,-3.58,39.13
1,10000000,1000000000,0.15,0.6,0.4,112,-4.2,-4.2,34.82
1,50000000,10000000000,0.15,0.6,0.4,104,-2.56,-2.56,40.38
1,100000000,1000000000000,0.15,0.6,0.4,90,-2.08,-2.08,44.44
1,1000000000,100000000000000,0.15,0.6,0.4,26,-0.9,-0.9,57.69
1,1,100000000000000,0.15,0.7,0.3,139,-3.43,-3.43,38.85
1,1000000,100000000000000,0.15,0.7,0.3,139,-3.43,-3.43,38.85
1,10000000,100000000000000,0.15,0.7,0.3,125,-3.06,-3.06,42.4
1,10000000,1000000000,0.15,0.7,0.3,103,-3.79,-3.79,37.86
1,50000000,10000000000,0.15,0.7,0.3,86,-1.37,-1.37,46.51
1,100000000,1000000000000,0.15,0.7,0.3,74,-0.26,-0.26,52.7
1,1000000000,100000000000000,0.15,0.7,0.3,22,0.37,0.37,63.64
1,1,100000000000000,0.15,0.75,0.25,128,-4.15,-4.15,34.38
1,1000000,100000000000000,0.15,0.75,0.25,128,-4.15,-4.15,34.38
1,10000000,100000000000000,0.15,0.75,0.25,113,-3.86,-3.86,38.05
1,10000000,1000000000,0.15,0.75,0.25,91,-5.14,-5.14,32.97
1,50000000,10000000000,0.15,0.75,0.25,75,-1.7,-1.7,42.67
1,100000000,1000000000000,0.15,0.75,0.25,64,-0.64,-0.64,48.44
1,1000000000,100000000000000,0.15,0.75,0.25,22,1.46,1.46,59.09
1,1,100000000000000,0.15,0.8,0.2,130,-3.88,-3.88,36.92
1,1000000,100000000000000,0.15,0.8,0.2,130,-3.88,-3.88,36.92
1,10000000,100000000000000,0.15,0.8,0.2,113,-3.57,-3.57,40.71
1,10000000,1000000000,0.15,0.8,0.2,90,-5.24,-5.24,34.44
1,50000000,10000000000,0.15,0.8,0.2,74,-0.82,-0.82,48.65
1,100000000,1000000000000,0.15,0.8,0.2,63,0.55,0.55,57.14
1,1000000000,100000000000000,0.15,0.8,0.2,23,2.95,2.95,65.22
1,1,100000000000000,0.15,0.85,0.15,126,-3.98,-3.98,36.51
1,1000000,100000000000000,0.15,0.85,0.15,126,-3.98,-3.98,36.51
1,10000000,100000000000000,0.15,0.85,0.15,109,-3.67,-3.67,40.37
1,10000000,1000000000,0.15,0.85,0.15,91,-5.03,-5.03,36.26
1,50000000,10000000000,0.15,0.85,0.15,71,-0.57,-0.57,49.3
1,100000000,1000000000000,0.15,0.85,0.15,59,0.51,0.51,55.93
1,1000000000,100000000000000,0.15,0.85,0.15,18,3.21,3.21,61.11
1,1,100000000000000,0.15,0.9,0.1,130,-3.54,-3.54,39.23
1,1000000,100000000000000,0.15,0.9,0.1,130,-3.54,-3.54,39.23
1,10000000,100000000000000,0.15,0.9,0.1,113,-3.3,-3.3,42.48
1,10000000,1000000000,0.15,0.9,0.1,95,-4.44,-4.44,38.95
1,50000000,10000000000,0.15,0.9,0.1,72,-0.04,-0.04,52.78
1,100000000,1000000000000,0.15,0.9,0.1,60,1.1,1.1,60.0
1,1000000000,100000000000000,0.15,0.9,0.1,18,2.73,2.73,61.11
1,1,100000000000000,0.15,0.95,0.05,133,-3.26,-3.26,40.6
1,1000000,100000000000000,0.15,0.95,0.05,133,-3.26,-3.26,40.6
1,10000000,100000000000000,0.15,0.95,0.05,116,-2.99,-2.99,43.97
1,10000000,1000000000,0.15,0.95,0.05,97,-4.03,-4.03,41.24
1,50000000,10000000000,0.15,0.95,0.05,72,0.72,0.72,56.94
1,100000000,1000000000000,0.15,0.95,0.05,61,1.94,1.94,63.93
1,1000000000,100000000000000,0.15,0.95,0.05,19,2.33,2.33,57.89
1,1,100000000000000,0.15,1.0,0.0,133,-2.65,-2.65,41.35
1,1000000,100000000000000,0.15,1.0,0.0,133,-2.65,-2.65,41.35
1,10000000,100000000000000,0.15,1.0,0.0,116,-2.28,-2.28,44.83
1,10000000,1000000000,0.15,1.0,0.0,94,-3.25,-3.25,42.55
1,50000000,10000000000,0.15,1.0,0.0,74,0.76,0.76,56.76
1,100000000,1000000000000,0.15,1.0,0.0,64,1.92,1.92,62.5
1,1000000000,100000000000000,0.15,1.0,0.0,22,1.84,1.84,54.55
0,1,100000000000000,0.15,0.0,1.0,333,-1.3,-0.26,35.74
0,1000000,100000000000000,0.15,0.0,1.0,333,-1.3,-0.26,35.74
0,10000000,100000000000000,0.15,0.0,1.0,307,-1.18,-0.25,37.46
0,10000000,1000000000,0.15,0.0,1.0,231,-2.4,-0.19,34.63
0,50000000,10000000000,0.15,0.0,1.0,239,-0.62,-0.1,41.84
0,100000000,1000000000000,0.15,0.0,1.0,219,-1.01,-0.29,44.75
0,1000000000,100000000000000,0.15,0.0,1.0,76,-0.7,-0.43,46.05
0,1,100000000000000,0.15,0.2,0.8,267,-1.24,-0.23,35.58
0,1000000,100000000000000,0.15,0.2,0.8,267,-1.24,-0.23,35.58
0,10000000,100000000000000,0.15,0.2,0.8,247,-1.09,-0.22,37.25
0,10000000,1000000000,0.15,0.2,0.8,192,-3.18,-0.25,33.85
0,50000000,10000000000,0.15,0.2,0.8,190,-1.22,-0.19,41.05
0,100000000,1000000000000,0.15,0.2,0.8,169,-0.88,-0.24,44.38
0,1000000000,100000000000000,0.15,0.2,0.8,55,-0.16,-0.1,49.09
0,1,100000000000000,0.15,0.4,0.6,215,-1.6,-0.32,35.35
0,1000000,100000000000000,0.15,0.4,0.6,215,-1.6,-0.32,35.35
0,10000000,100000000000000,0.15,0.4,0.6,200,-1.49,-0.31,37.0
0,10000000,1000000000,0.15,0.4,0.6,155,-3.55,-0.29,34.84
0,50000000,10000000000,0.15,0.4,0.6,153,-2.94,-0.45,40.52
0,100000000,1000000000000,0.15,0.4,0.6,139,-1.36,-0.39,43.17
0,1000000000,100000000000000,0.15,0.4,0.6,45,-0.59,-0.38,44.44
0,1,100000000000000,0.15,0.6,0.4,153,-1.68,-0.22,36.6
0,1000000,100000000000000,0.15,0.6,0.4,153,-1.68,-0.22,36.6
0,10000000,100000000000000,0.15,0.6,0.4,138,-1.15,-0.15,39.13
0,10000000,1000000000,0.15,0.6,0.4,112,-4.01,-0.23,34.82
0,50000000,10000000000,0.15,0.6,0.4,104,-2.21,-0.27,40.38
0,100000000,1000000000000,0.15,0.6,0.4,90,-0.91,-0.17,44.44
0,1000000000,100000000000000,0.15,0.6,0.4,26,0.42,0.19,57.69
0,1,100000000000000,0.15,0.7,0.3,139,-0.36,-0.04,38.85
0,1000000,100000000000000,0.15,0.7,0.3,139,-0.36,-0.04,38.85
0,10000000,100000000000000,0.15,0.7,0.3,125,0.18,0.02,42.4
0,10000000,1000000000,0.15,0.7,0.3,103,-0.52,-0.03,37.86
0,50000000,10000000000,0.15,0.7,0.3,86,-0.34,-0.04,46.51
0,100000000,1000000000000,0.15,0.7,0.3,74,0.79,0.15,52.7
0,1000000000,100000000000000,0.15,0.7,0.3,22,0.51,0.24,63.64
0,1,100000000000000,0.15,0.75,0.25,128,-0.15,-0.02,34.38
0,1000000,100000000000000,0.15,0.75,0.25,128,-0.15,-0.02,34.38
0,10000000,100000000000000,0.15,0.75,0.25,113,0.48,0.06,38.05
0,10000000,1000000000,0.15,0.75,0.25,91,-3.0,-0.12,32.97
0,50000000,10000000000,0.15,0.75,0.25,75,0.4,0.04,42.67
0,100000000,1000000000000,0.15,0.75,0.25,64,1.39,0.27,48.44
0,1000000000,100000000000000,0.15,0.75,0.25,22,1.79,0.82,59.09
0,1,100000000000000,0.15,0.8,0.2,130,0.37,0.04,36.92
0,1000000,100000000000000,0.15,0.8,0.2,130,0.37,0.04,36.92
0,10000000,100000000000000,0.15,0.8,0.2,113,1.02,0.13,40.71
0,10000000,1000000000,0.15,0.8,0.2,90,-2.95,-0.12,34.44
0,50000000,10000000000,0.15,0.8,0.2,74,2.46,0.26,48.65
0,100000000,1000000000000,0.15,0.8,0.2,63,2.06,0.42,57.14
0,1000000000,100000000000000,0.15,0.8,0.2,23,2.37,1.1,65.22
0,1,100000000000000,0.15,0.85,0.15,126,-0.35,-0.04,36.51
0,1000000,100000000000000,0.15,0.85,0.15,126,-0.35,-0.04,36.51
0,10000000,100000000000000,0.15,0.85,0.15,109,0.36,0.04,40.37
0,10000000,1000000000,0.15,0.85,0.15,91,-2.76,-0.11,36.26
0,50000000,10000000000,0.15,0.85,0.15,71,1.87,0.14,49.3
0,100000000,1000000000000,0.15,0.85,0.15,59,1.54,0.27,55.93
0,1000000000,100000000000000,0.15,0.85,0.15,18,1.72,0.78,61.11
0,1,100000000000000,0.15,0.9,0.1,130,-0.34,-0.03,39.23
0,1000000,100000000000000,0.15,0.9,0.1,130,-0.34,-0.03,39.23
0,10000000,100000000000000,0.15,0.9,0.1,113,0.32,0.03,42.48
0,10000000,1000000000,0.15,0.9,0.1,95,-2.56,-0.1,38.95
0,50000000,10000000000,0.15,0.9,0.1,72,2.05,0.16,52.78
0,100000000,1000000000000,0.15,0.9,0.1,60,1.51,0.26,60.0
0,1000000000,100000000000000,0.15,0.9,0.1,18,1.6,0.73,61.11
0,1,100000000000000,0.15,0.95,0.05,133,0.71,0.06,40.6
0,1000000,100000000000000,0.15,0.95,0.05,133,0.71,0.06,40.6
0,10000000,100000000000000,0.15,0.95,0.05,116,1.62,0.14,43.97
0,10000000,1000000000,0.15,0.95,0.05,97,2.68,0.12,41.24
0,50000000,10000000000,0.15,0.95,0.05,72,5.09,0.46,56.94
0,100000000,1000000000000,0.15,0.95,0.05,61,3.33,0.46,63.93
0,1000000000,100000000000000,0.15,0.95,0.05,19,0.84,0.25,57.89
0,1,100000000000000,0.15,1.0,0.0,133,0.77,0.07,41.35
0,1000000,100000000000000,0.15,1.0,0.0,133,0.77,0.07,41.35
0,10000000,100000000000000,0.15,1.0,0.0,116,1.58,0.16,44.83
0,10000000,1000000000,0.15,1.0,0.0,94,3.87,0.17,42.55
0,50000000,10000000000,0.15,1.0,0.0,74,4.93,0.45,56.76
0,100000000,1000000000000,0.15,1.0,0.0,64,2.57,0.4,62.5
0,1000000000,100000000000000,0.15,1.0,0.0,22,0.28,0.09,54.55
1,1,100000000000000,0.2,0.0,1.0,268,-2.82,-2.82,35.45
1,1000000,100000000000000,0.2,0.0,1.0,268,-2.82,-2.82,35.45
1,10000000,100000000000000,0.2,0.0,1.0,246,-3.55,-3.55,37.4
1,10000000,1000000000,0.2,0.0,1.0,188,-4.57,-4.57,33.51
1,50000000,10000000000,0.2,0.0,1.0,193,-2.34,-2.34,40.41
1,100000000,1000000000000,0.2,0.0,1.0,170,-2.1,-2.1,44.12
1,1000000000,100000000000000,0.2,0.0,1.0,58,-0.24,-0.24,50.0
1,1,100000000000000,0.2,0.2,0.8,211,-2.9,-2.9,36.02
1,1000000,100000000000000,0.2,0.2,0.8,211,-2.9,-2.9,36.02
1,10000000,100000000000000,0.2,0.2,0.8,196,-4.0,-4.0,37.24
1,10000000,1000000000,0.2,0.2,0.8,151,-4.96,-4.96,33.77
1,50000000,10000000000,0.2,0.2,0.8,153,-2.87,-2.87,39.87
1,100000000,1000000000000,0.2,0.2,0.8,138,-2.72,-2.72,43.48
1,1000000000,100000000000000,0.2,0.2,0.8,45,-0.78,-0.78,48.89
1,1,100000000000000,0.2,0.4,0.6,143,-1.9,-1.9,34.97
1,1000000,100000000000000,0.2,0.4,0.6,143,-1.9,-1.9,34.97
1,10000000,100000000000000,0.2,0.4,0.6,133,-3.52,-3.52,36.09
1,10000000,1000000000,0.2,0.4,0.6,107,-3.79,-3.79,33.64
1,50000000,10000000000,0.2,0.4,0.6,106,-2.21,-2.21,37.74
1,100000000,1000000000000,0.2,0.4,0.6,95,-2.25,-2.25,40.0
1,1000000000,100000000000000,0.2,0.4,0.6,26,-2.43,-2.43,46.15
1,1,100000000000000,0.2,0.6,0.4,82,-4.85,-4.85,35.37
1,1000000,100000000000000,0.2,0.6,0.4,82,-4.85,-4.85,35.37
1,10000000,100000000000000,0.2,0.6,0.4,76,-5.07,-5.07,36.84
1,10000000,1000000000,0.2,0.6,0.4,59,-6.0,-6.0,32.2
1,50000000,10000000000,0.2,0.6,0.4,55,-3.69,-3.69,38.18
1,100000000,1000000000000,0.2,0.6,0.4,46,-2.44,-2.44,45.65
1,1000000000,100000000000000,0.2,0.6,0.4,17,-1.85,-1.85,52.94
1,1,100000000000000,0.2,0.7,0.3,68,-4.67,-4.67,35.29
1,1000000,100000000000000,0.2,0.7,0.3,68,-4.67,-4.67,35.29
1,10000000,100000000000000,0.2,0.7,0.3,59,-4.89,-4.89,38.98
1,10000000,1000000000,0.2,0.7,0.3,48,-6.32,-6.32,33.33
1,50000000,10000000000,0.2,0.7,0.3,40,-2.46,-2.46,42.5
1,100000000,1000000000000,0.2,0.7,0.3,32,-0.82,-0.82,53.12
1,1000000000,100000000000000,0.2,0.7,0.3,11,1.37,1.37,63.64
1,1,100000000000000,0.2,0.75,0.25,63,-5.08,-5.08,34.92
1,1000000,100000000000000,0.2,0.75,0.25,63,-5.08,-5.08,34.92
1,10000000,100000000000000,0.2,0.75,0.25,53,-5.29,-5.29,39.62
1,10000000,1000000000,0.2,0.75,0.25,46,-6.2,-6.2,36.96
1,50000000,10000000000,0.2,0.75,0.25,35,-2.78,-2.78,42.86
1,100000000,1000000000000,0.2,0.75,0.25,28,-1.44,-1.44,53.57
1,1000000000,100000000000000,0.2,0.75,0.25,7,0.69,0.69,57.14
1,1,100000000000000,0.2,0.8,0.2,63,-4.53,-4.53,38.1
1,1000000,100000000000000,0.2,0.8,0.2,63,-4.53,-4.53,38.1
1,10000000,100000000000000,0.2,0.8,0.2,53,-4.64,-4.64,43.4
1,10000000,1000000000,0.2,0.8,0.2,45,-5.79,-5.79,40.0
1,50000000,10000000000,0.2,0.8,0.2,35,-1.61,-1.61,48.57
1,100000000,1000000000000,0.2,0.8,0.2,27,-0.32,-0.32,59.26
1,1000000000,100000000000000,0.2,0.8,0.2,8,1.82,1.82,62.5
1,1,100000000000000,0.2,0.85,0.15,61,-4.59,-4.59,37.7
1,1000000,100000000000000,0.2,0.85,0.15,61,-4.59,-4.59,37.7
1,10000000,100000000000000,0.2,0.85,0.15,50,-4.41,-4.41,44.0
1,10000000,1000000000,0.2,0.85,0.15,43,-5.35,-5.35,41.86
1,50000000,10000000000,0.2,0.85,0.15,31,-2.4,-2.4,48.39
1,100000000,1000000000000,0.2,0.85,0.15,22,-0.94,-0.94,59.09
1,1000000000,100000000000000,0.2,0.85,0.15,7,1.33,1.33,57.14
1,1,100000000000000,0.2,0.9,0.1,66,-3.93,-3.93,37.88
1,1000000,100000000000000,0.2,0.9,0.1,66,-3.93,-3.93,37.88
1,10000000,100000000000000,0.2,0.9,0.1,54,-3.52,-3.52,44.44
1,10000000,1000000000,0.2,0.9,0.1,47,-4.29,-4.29,42.55
1,50000000,10000000000,0.2,0.9,0.1,34,-1.24,-1.24,50.0
1,100000000,1000000000000,0.2,0.9,0.1,25,0.47,0.47,60.0
1,1000000000,100000000000000,0.2,0.9,0.1,7,1.71,1.71,57.14
1,1,100000000000000,0.2,0.95,0.05,70,-4.0,-4.0,37.14
1,1000000,100000000000000,0.2,0.95,0.05,70,-4.0,-4.0,37.14
1,10000000,100000000000000,0.2,0.95,0.05,58,-3.63,-3.63,43.1
1,10000000,1000000000,0.2,0.95,0.05,50,-4.51,-4.51,42.0
1,50000000,10000000000,0.2,0.95,0.05,37,-1.34,-1.34,48.65
1,100000000,1000000000000,0.2,0.95,0.05,29,-0.3,-0.3,55.17
1,1000000000,100000000000000,0.2,0.95,0.05,8,1.92,1.92,50.0
1,1,100000000000000,0.2,1.0,0.0,75,-3.63,-3.63,37.33
1,1000000,100000000000000,0.2,1.0,0.0,75,-3.63,-3.63,37.33
1,10000000,100000000000000,0.2,1.0,0.0,62,-3.26,-3.26,43.55
1,10000000,1000000000,0.2,1.0,0.0,53,-4.04,-4.04,43.4
1,50000000,10000000000,0.2,1.0,0.0,40,-0.45,-0.45,50.0
1,100000000,1000000000000,0.2,1.0,0.0,32,0.72,0.72,56.25
1,1000000000,100000000000000,0.2,1.0,0.0,9,1.32,1.32,44.44
0,1,100000000000000,0.2,0.0,1.0,268,-1.14,-0.22,35.45
0,1000000,100000000000000,0.2,0.0,1.0,268,-1.14,-0.22,35.45
0,10000000,100000000000000,0.2,0.0,1.0,246,-1.01,-0.21,37.4
0,10000000,1000000000,0.2,0.0,1.0,188,-3.24,-0.26,33.51
0,50000000,10000000000,0.2,0.0,1.0,193,-1.11,-0.18,40.41
0,100000000,1000000000000,0.2,0.0,1.0,170,-0.82,-0.23,44.12
0,1000000000,100000000000000,0.2,0.0,1.0,58,-0.07,-0.04,50.0
0,1,100000000000000,0.2,0.2,0.8,211,-0.97,-0.19,36.02
0,1000000,100000000000000,0.2,0.2,0.8,211,-0.97,-0.19,36.02
0,10000000,100000000000000,0.2,0.2,0.8,196,-0.84,-0.17,37.24
0,10000000,1000000000,0.2,0.2,0.8,151,-3.8,-0.31,33.77
0,50000000,10000000000,0.2,0.2,0.8,153,-2.56,-0.41,39.87
0,100000000,1000000000000,0.2,0.2,0.8,138,-0.64,-0.18,43.48
0,1000000000,100000000000000,0.2,0.2,0.8,45,0.49,0.3,48.89
0,1,100000000000000,0.2,0.4,0.6,143,-2.25,-0.33,34.97
0,1000000,100000000000000,0.2,0.4,0.6,143,-2.25,-0.33,34.97
0,10000000,100000000000000,0.2,0.4,0.6,133,-2.07,-0.32,36.09
0,10000000,1000000000,0.2,0.4,0.6,107,-1.38,-0.11,33.64
0,50000000,10000000000,0.2,0.4,0.6,106,-1.73,-0.26,37.74
0,100000000,1000000000000,0.2,0.4,0.6,95,-1.95,-0.39,40.0
0,1000000000,100000000000000,0.2,0.4,0.6,26,-2.59,-1.17,46.15
0,1,100000000000000,0.2,0.6,0.4,82,-1.47,-0.17,35.37
0,1000000,100000000000000,0.2,0.6,0.4,82,-1.47,-0.17,35.37
0,10000000,100000000000000,0.2,0.6,0.4,76,-1.34,-0.16,36.84
0,10000000,1000000000,0.2,0.6,0.4,59,-1.31,-0.06,32.2
0,50000000,10000000000,0.2,0.6,0.4,55,-1.67,-0.23,38.18
0,100000000,1000000000000,0.2,0.6,0.4,46,-0.82,-0.14,45.65
0,1000000000,100000000000000,0.2,0.6,0.4,17,-1.36,-0.51,52.94
0,1,100000000000000,0.2,0.7,0.3,68,-0.83,-0.06,35.29
0,1000000,100000000000000,0.2,0.7,0.3,68,-0.83,-0.06,35.29
0,10000000,100000000000000,0.2,0.7,0.3,59,-0.44,-0.03,38.98
0,10000000,1000000000,0.2,0.7,0.3,48,-4.27,-0.16,33.33
0,50000000,10000000000,0.2,0.7,0.3,40,-0.17,-0.02,42.5
0,100000000,1000000000000,0.2,0.7,0.3,32,1.35,0.16,53.12
0,1000000000,100000000000000,0.2,0.7,0.3,11,1.82,0.49,63.64
0,1,100000000000000,0.2,0.75,0.25,63,-2.16,-0.18,34.92
0,1000000,100000000000000,0.2,0.75,0.25,63,-2.16,-0.18,34.92
0,10000000,100000000000000,0.2,0.75,0.25,53,-0.83,-0.07,39.62
0,10000000,1000000000,0.2,0.75,0.25,46,-4.78,-0.19,36.96
0,50000000,10000000000,0.2,0.75,0.25,35,-0.34,-0.03,42.86
0,100000000,1000000000000,0.2,0.75,0.25,28,1.23,0.15,53.57
0,1000000000,100000000000000,0.2,0.75,0.25,7,2.25,0.75,57.14
0,1,100000000000000,0.2,0.8,0.2,63,-2.7,-0.21,38.1
0,1000000,100000000000000,0.2,0.8,0.2,63,-2.7,-0.21,38.1
0,10000000,100000000000000,0.2,0.8,0.2,53,-1.39,-0.1,43.4
0,10000000,1000000000,0.2,0.8,0.2,45,-4.48,-0.18,40.0
0,50000000,10000000000,0.2,0.8,0.2,35,0.46,0.04,48.57
0,100000000,1000000000000,0.2,0.8,0.2,27,0.77,0.09,59.26
0,1000000000,100000000000000,0.2,0.8,0.2,8,1.31,0.33,62.5
0,1,100000000000000,0.2,0.85,0.15,61,-2.27,-0.17,37.7
0,1000000,100000000000000,0.2,0.85,0.15,61,-2.27,-0.17,37.7
0,10000000,100000000000000,0.2,0.85,0.15,50,-0.75,-0.05,44.0
0,10000000,1000000000,0.2,0.85,0.15,43,-2.86,-0.11,41.86
0,50000000,10000000000,0.2,0.85,0.15,31,0.15,0.01,48.39
0,100000000,1000000000000,0.2,0.85,0.15,22,0.62,0.07,59.09
0,1000000000,100000000000000,0.2,0.85,0.15,7,1.09,0.3,57.14
0,1,100000000000000,0.2,0.9,0.1,66,-1.32,-0.09,37.88
0,1000000,100000000000000,0.2,0.9,0.1,66,-1.32,-0.09,37.88
0,10000000,100000000000000,0.2,0.9,0.1,54,0.57,0.04,44.44
0,10000000,1000000000,0.2,0.9,0.1,47,-0.9,-0.04,42.55
0,50000000,10000000000,0.2,0.9,0.1,34,1.86,0.15,50.0
0,100000000,1000000000000,0.2,0.9,0.1,25,2.47,0.25,60.0
0,1000000000,100000000000000,0.2,0.9,0.1,7,2.2,0.54,57.14
0,1,100000000000000,0.2,0.95,0.05,70,-3.73,-0.26,37.14
0,1000000,100000000000000,0.2,0.95,0.05,70,-3.73,-0.26,37.14
0,10000000,100000000000000,0.2,0.95,0.05,58,-2.59,-0.17,43.1
0,10000000,1000000000,0.2,0.95,0.05,50,-1.57,-0.06,42.0
0,50000000,10000000000,0.2,0.95,0.05,37,0.56,0.04,48.65
0,100000000,1000000000000,0.2,0.95,0.05,29,-1.98,-0.19,55.17
0,1000000000,100000000000000,0.2,0.95,0.05,8,-3.79,-0.82,50.0
0,1,100000000000000,0.2,1.0,0.0,75,-3.61,-0.24,37.33
0,1000000,100000000000000,0.2,1.0,0.0,75,-3.61,-0.24,37.33
0,10000000,100000000000000,0.2,1.0,0.0,62,-2.54,-0.16,43.55
0,10000000,1000000000,0.2,1.0,0.0,53,-1.4,-0.05,43.4
0,50000000,10000000000,0.2,1.0,0.0,40,0.45,0.03,50.0
0,100000000,1000000000000,0.2,1.0,0.0,32,-1.88,-0.17,56.25
0,1000000000,100000000000000,0.2,1.0,0.0,9,-3.75,-0.81,44.44
1,1,100000000000000,0.25,0.0,1.0,221,-2.68,-2.68,35.75
1,1000000,100000000000000,0.25,0.0,1.0,221,-2.68,-2.68,35.75
1,10000000,100000000000000,0.25,0.0,1.0,204,-3.57,-3.57,37.25
1,10000000,1000000000,0.25,0.0,1.0,160,-4.46,-4.46,34.38
1,50000000,10000000000,0.25,0.0,1.0,161,-2.44,-2.44,39.75
1,100000000,1000000000000,0.25,0.0,1.0,144,-2.26,-2.26,43.06
1,1000000000,100000000000000,0.25,0.0,1.0,44,-0.34,-0.34,47.73
1,1,100000000000000,0.25,0.2,0.8,158,-1.75,-1.75,37.97
1,1000000,100000000000000,0.25,0.2,0.8,158,-1.75,-1.75,37.97
1,10000000,100000000000000,0.25,0.2,0.8,147,-3.24,-3.24,38.78
1,10000000,1000000000,0.25,0.2,0.8,114,-4.0,-4.0,35.09
1,50000000,10000000000,0.25,0.2,0.8,119,-2.23,-2.23,40.34
1,100000000,1000000000000,0.25,0.2,0.8,107,-2.18,-2.18,43.93
1,1000000000,100000000000000,0.25,0.2,0.8,33,-0.62,-0.62,51.52
1,1,100000000000000,0.25,0.4,0.6,86,-4.73,-4.73,36.05
1,1000000,100000000000000,0.25,0.4,0.6,86,-4.73,-4.73,36.05
1,10000000,100000000000000,0.25,0.4,0.6,83,-4.42,-4.42,37.35
1,10000000,1000000000,0.25,0.4,0.6,62,-5.1,-5.1,33.87
1,50000000,10000000000,0.25,0.4,0.6,68,-3.75,-3.75,35.29
1,100000000,1000000000000,0.25,0.4,0.6,63,-3.26,-3.26,38.1
1,1000000000,100000000000000,0.25,0.4,0.6,21,-2.42,-2.42,47.62
1,1,100000000000000,0.25,0.6,0.4,39,-4.63,-4.63,41.03
1,1000000,100000000000000,0.25,0.6,0.4,39,-4.63,-4.63,41.03
1,10000000,100000000000000,0.25,0.6,0.4,36,-4.28,-4.28,44.44
1,10000000,1000000000,0.25,0.6,0.4,27,-5.65,-5.65,40.74
1,50000000,10000000000,0.25,0.6,0.4,26,-1.57,-1.57,42.31
1,100000000,1000000000000,0.25,0.6,0.4,21,-0.0,-0.0,52.38
1,1000000000,100000000000000,0.25,0.6,0.4,9,-0.18,-0.18,55.56
1,1,100000000000000,0.25,0.7,0.3,26,-8.6,-8.6,30.77
1,1000000,100000000000000,0.25,0.7,0.3,26,-8.6,-8.6,30.77
1,10000000,100000000000000,0.25,0.7,0.3,23,-8.29,-8.29,34.78
1,10000000,1000000000,0.25,0.7,0.3,20,-8.39,-8.39,40.0
1,50000000,10000000000,0.25,0.7,0.3,14,-1.76,-1.76,42.86
1,100000000,1000000000000,0.25,0.7,0.3,10,-1.16,-1.16,50.0
1,1000000000,100000000000000,0.25,0.7,0.3,3,-7.6,-7.6,0.0
1,1,100000000000000,0.25,0.75,0.25,25,-5.31,-5.31,36.0
1,1000000,100000000000000,0.25,0.75,0.25,25,-5.31,-5.31,36.0
1,10000000,100000000000000,0.25,0.75,0.25,21,-6.59,-6.59,38.1
1,10000000,1000000000,0.25,0.75,0.25,19,-6.43,-6.43,42.11
1,50000000,10000000000,0.25,0.75,0.25,12,-1.88,-1.88,50.0
1,100000000,1000000000000,0.25,0.75,0.25,8,-1.18,-1.18,62.5
1,1000000000,100000000000000,0.25,0.75,0.25,2,-8.08,-8.08,0.0
1,1,100000000000000,0.25,0.8,0.2,30,-4.86,-4.86,36.67
1,1000000,100000000000000,0.25,0.8,0.2,30,-4.86,-4.86,36.67
1,10000000,100000000000000,0.25,0.8,0.2,26,-5.83,-5.83,38.46
1,10000000,1000000000,0.25,0.8,0.2,24,-5.64,-5.64,41.67
1,50000000,10000000000,0.25,0.8,0.2,15,-2.0,-2.0,46.67
1,100000000,1000000000000,0.25,0.8,0.2,9,-0.83,-0.83,66.67
1,1000000000,100000000000000,0.25,0.8,0.2,2,-8.08,-8.08,0.0
1,1,100000000000000,0.25,0.85,0.15,32,-4.46,-4.46,37.5
1,1000000,100000000000000,0.25,0.85,0.15,32,-4.46,-4.46,37.5
1,10000000,100000000000000,0.25,0.85,0.15,27,-5.4,-5.4,40.74
1,10000000,1000000000,0.25,0.85,0.15,25,-5.19,-5.19,44.0
1,50000000,10000000000,0.25,0.85,0.15,16,-1.8,-1.8,50.0
1,100000000,1000000000000,0.25,0.85,0.15,10,-0.63,-0.63,70.0
1,1000000000,100000000000000,0.25,0.85,0.15,2,-8.08,-8.08,0.0
1,1,100000000000000,0.25,0.9,0.1,36,-3.32,-3.32,38.89
1,1000000,100000000000000,0.25,0.9,0.1,36,-3.32,-3.32,38.89
1,10000000,100000000000000,0.25,0.9,0.1,29,-3.74,-3.74,44.83
1,10000000,1000000000,0.25,0.9,0.1,26,-4.69,-4.69,42.31
1,50000000,10000000000,0.25,0.9,0.1,18,-1.24,-1.24,55.56
1,100000000,1000000000000,0.25,0.9,0.1,12,0.02,0.02,75.0
1,1000000000,100000000000000,0.25,0.9,0.1,3,4.47,4.47,66.67
1,1,100000000000000,0.25,0.95,0.05,38,-3.77,-3.77,34.21
1,1000000,100000000000000,0.25,0.95,0.05,38,-3.77,-3.77,34.21
1,10000000,100000000000000,0.25,0.95,0.05,29,-4.08,-4.08,41.38
1,10000000,1000000000,0.25,0.95,0.05,26,-5.07,-5.07,38.46
1,50000000,10000000000,0.25,0.95,0.05,18,-1.79,-1.79,50.0
1,100000000,1000000000000,0.25,0.95,0.05,12,-0.81,-0.81,66.67
1,1000000000,100000000000000,0.25,0.95,0.05,3,4.47,4.47,66.67
1,1,100000000000000,0.25,1.0,0.0,40,-3.27,-3.27,37.5
1,1000000,100000000000000,0.25,1.0,0.0,40,-3.27,-3.27,37.5
1,10000000,100000000000000,0.25,1.0,0.0,31,-3.41,-3.41,45.16
1,10000000,1000000000,0.25,1.0,0.0,26,-4.53,-4.53,42.31
1,50000000,10000000000,0.25,1.0,0.0,19,-1.17,-1.17,52.63
1,100000000,1000000000000,0.25,1.0,0.0,15,-0.13,-0.13,66.67
1,1000000000,100000000000000,0.25,1.0,0.0,5,2.42,2.42,60.0
0,1,100000000000000,0.25,0.0,1.0,221,-1.12,-0.19,35.75
0,1000000,100000000000000,0.25,0.0,1.0,221,-1.12,-0.19,35.75
0,10000000,100000000000000,0.25,0.0,1.0,204,-0.94,-0.17,37.25
0,10000000,1000000000,0.25,0.0,1.0,160,-3.42,-0.28,34.38
0,50000000,10000000000,0.25,0.0,1.0,161,-2.25,-0.36,39.75
0,100000000,1000000000000,0.25,0.0,1.0,144,-0.74,-0.18,43.06
0,1000000000,100000000000000,0.25,0.0,1.0,44,0.41,0.23,47.73
0,1,100000000000000,0.25,0.2,0.8,158,-1.77,-0.29,37.97
0,1000000,100000000000000,0.25,0.2,0.8,158,-1.77,-0.29,37.97
0,10000000,100000000000000,0.25,0.2,0.8,147,-1.63,-0.28,38.78
0,10000000,1000000000,0.25,0.2,0.8,114,-3.31,-0.3,35.09
0,50000000,10000000000,0.25,0.2,0.8,119,-2.11,-0.34,40.34
0,100000000,1000000000000,0.25,0.2,0.8,107,-1.56,-0.35,43.93
0,1000000000,100000000000000,0.25,0.2,0.8,33,-0.45,-0.2,51.52
0,1,100000000000000,0.25,0.4,0.6,86,-3.28,-0.58,36.05
0,1000000,100000000000000,0.25,0.4,0.6,86,-3.28,-0.58,36.05
0,10000000,100000000000000,0.25,0.4,0.6,83,-3.06,-0.55,37.35
0,10000000,1000000000,0.25,0.4,0.6,62,-5.68,-0.45,33.87
0,50000000,10000000000,0.25,0.4,0.6,68,-3.27,-0.52,35.29
0,100000000,1000000000000,0.25,0.4,0.6,63,-2.85,-0.64,38.1
0,1000000000,100000000000000,0.25,0.4,0.6,21,-1.79,-0.85,47.62
0,1,100000000000000,0.25,0.6,0.4,39,-0.02,-0.0,41.03
0,1000000,100000000000000,0.25,0.6,0.4,39,-0.02,-0.0,41.03
0,10000000,100000000000000,0.25,0.6,0.4,36,0.2,0.02,44.44
0,10000000,1000000000,0.25,0.6,0.4,27,-1.76,-0.08,40.74
0,50000000,10000000000,0.25,0.6,0.4,26,-0.67,-0.07,42.31
0,100000000,1000000000000,0.25,0.6,0.4,21,0.93,0.15,52.38
0,1000000000,100000000000000,0.25,0.6,0.4,9,1.06,0.32,55.56
0,1,100000000000000,0.25,0.7,0.3,26,-8.19,-0.5,30.77
0,1000000,100000000000000,0.25,0.7,0.3,26,-8.19,-0.5,30.77
0,10000000,100000000000000,0.25,0.7,0.3,23,-8.06,-0.51,34.78
0,10000000,1000000000,0.25,0.7,0.3,20,-9.51,-0.3,40.0
0,50000000,10000000000,0.25,0.7,0.3,14,-5.04,-0.43,42.86
0,100000000,1000000000000,0.25,0.7,0.3,10,-5.47,-0.61,50.0
0,1000000000,100000000000000,0.25,0.7,0.3,3,-6.93,-1.89,0.0
0,1,100000000000000,0.25,0.75,0.25,25,-5.26,-0.24,36.0
0,1000000,100000000000000,0.25,0.75,0.25,25,-5.26,-0.24,36.0
0,10000000,100000000000000,0.25,0.75,0.25,21,-5.32,-0.26,38.1
0,10000000,1000000000,0.25,0.75,0.25,19,-3.47,-0.09,42.11
0,50000000,10000000000,0.25,0.75,0.25,12,-4.45,-0.27,50.0
0,100000000,1000000000000,0.25,0.75,0.25,8,-5.11,-0.41,62.5
0,1000000000,100000000000000,0.25,0.75,0.25,2,-7.11,-1.84,0.0
0,1,100000000000000,0.25,0.8,0.2,30,-4.16,-0.19,36.67
0,1000000,100000000000000,0.25,0.8,0.2,30,-4.16,-0.19,36.67
0,10000000,100000000000000,0.25,0.8,0.2,26,-4.1,-0.2,38.46
0,10000000,1000000000,0.25,0.8,0.2,24,-2.01,-0.06,41.67
0,50000000,10000000000,0.25,0.8,0.2,15,-3.14,-0.19,46.67
0,100000000,1000000000000,0.25,0.8,0.2,9,-3.63,-0.31,66.67
0,1000000000,100000000000000,0.25,0.8,0.2,2,-7.11,-1.84,0.0
0,1,100000000000000,0.25,0.85,0.15,32,-3.94,-0.17,37.5
0,1000000,100000000000000,0.25,0.85,0.15,32,-3.94,-0.17,37.5
0,10000000,100000000000000,0.25,0.85,0.15,27,-3.87,-0.18,40.74
0,10000000,1000000000,0.25,0.85,0.15,25,-1.65,-0.05,44.0
0,50000000,10000000000,0.25,0.85,0.15,16,-3.06,-0.18,50.0
0,100000000,1000000000000,0.25,0.85,0.15,10,-3.52,-0.28,70.0
0,1000000000,100000000000000,0.25,0.85,0.15,2,-7.11,-1.84,0.0
0,1,100000000000000,0.25,0.9,0.1,36,-0.47,-0.02,38.89
0,1000000,100000000000000,0.25,0.9,0.1,36,-0.47,-0.02,38.89
0,10000000,100000000000000,0.25,0.9,0.1,29,0.33,0.01,44.83
0,10000000,1000000000,0.25,0.9,0.1,26,-2.46,-0.07,42.31
0,50000000,10000000000,0.25,0.9,0.1,18,2.54,0.13,55.56
0,100000000,1000000000000,0.25,0.9,0.1,12,3.1,0.2,75.0
0,1000000000,100000000000000,0.25,0.9,0.1,3,4.85,0.76,66.67
0,1,100000000000000,0.25,0.95,0.05,38,-3.41,-0.22,34.21
0,1000000,100000000000000,0.25,0.95,0.05,38,-3.41,-0.22,34.21
0,10000000,100000000000000,0.25,0.95,0.05,29,-0.47,-0.02,41.38
0,10000000,1000000000,0.25,0.95,0.05,26,-3.11,-0.11,38.46
0,50000000,10000000000,0.25,0.95,0.05,18,1.14,0.07,50.0
0,100000000,1000000000000,0.25,0.95,0.05,12,1.38,0.11,66.67
0,1000000000,100000000000000,0.25,0.95,0.05,3,4.85,0.76,66.67
0,1,100000000000000,0.25,1.0,0.0,40,-3.08,-0.2,37.5
0,1000000,100000000000000,0.25,1.0,0.0,40,-3.08,-0.2,37.5
0,10000000,100000000000000,0.25,1.0,0.0,31,-0.26,-0.01,45.16
0,10000000,1000000000,0.25,1.0,0.0,26,-2.64,-0.1,42.31
0,50000000,10000000000,0.25,1.0,0.0,19,1.16,0.08,52.63
0,100000000,1000000000000,0.25,1.0,0.0,15,1.47,0.12,66.67
0,1000000000,100000000000000,0.25,1.0,0.0,5,3.4,0.43,60.0
1,1,100000000000000,0.3,0.0,1.0,181,-2.79,-2.79,36.46
1,1000000,100000000000000,0.3,0.0,1.0,181,-2.79,-2.79,36.46
1,10000000,100000000000000,0.3,0.0,1.0,167,-4.06,-4.06,37.72
1,10000000,1000000000,0.3,0.0,1.0,126,-5.0,-5.0,34.92
1,50000000,10000000000,0.3,0.0,1.0,134,-2.77,-2.77,40.3
1,100000000,1000000000000,0.3,0.0,1.0,123,-2.74,-2.74,43.09
1,1000000000,100000000000000,0.3,0.0,1.0,41,-1.19,-1.19,46.34
1,1,100000000000000,0.3,0.2,0.8,115,-1.81,-1.81,38.26
1,1000000,100000000000000,0.3,0.2,0.8,115,-1.81,-1.81,38.26
1,10000000,100000000000000,0.3,0.2,0.8,107,-3.98,-3.98,39.25
1,10000000,1000000000,0.3,0.2,0.8,82,-4.78,-4.78,36.59
1,50000000,10000000000,0.3,0.2,0.8,87,-2.96,-2.96,40.23
1,100000000,1000000000000,0.3,0.2,0.8,83,-3.25,-3.25,40.96
1,1000000000,100000000000000,0.3,0.2,0.8,25,-1.36,-1.36,48.0
1,1,100000000000000,0.3,0.4,0.6,54,-4.75,-4.75,40.74
1,1000000,100000000000000,0.3,0.4,0.6,54,-4.75,-4.75,40.74
1,10000000,100000000000000,0.3,0.4,0.6,51,-4.24,-4.24,43.14
1,10000000,1000000000,0.3,0.4,0.6,35,-5.92,-5.92,37.14
1,50000000,10000000000,0.3,0.4,0.6,42,-3.51,-3.51,38.1
1,100000000,1000000000000,0.3,0.4,0.6,38,-2.77,-2.77,42.11
1,1000000000,100000000000000,0.3,0.4,0.6,16,-0.57,-0.57,56.25
1,1,100000000000000,0.3,0.6,0.4,13,-8.34,-8.34,46.15
1,1000000,100000000000000,0.3,0.6,0.4,13,-8.34,-8.34,46.15
1,10000000,100000000000000,0.3,0.6,0.4,13,-8.34,-8.34,46.15
1,10000000,1000000000,0.3,0.6,0.4,12,-8.51,-8.51,50.0
1,50000000,10000000000,0.3,0.6,0.4,8,-0.38,-0.38,50.0
1,100000000,1000000000000,0.3,0.6,0.4,6,-0.16,-0.16,50.0
1,1000000000,100000000000000,0.3,0.6,0.4,1,-6.33,-6.33,0.0
1,1,100000000000000,0.3,0.7,0.3,9,-4.61,-4.61,44.44
1,1000000,100000000000000,0.3,0.7,0.3,9,-4.61,-4.61,44.44
1,10000000,100000000000000,0.3,0.7,0.3,8,-4.8,-4.8,50.0
1,10000000,1000000000,0.3,0.7,0.3,7,-4.59,-4.59,57.14
1,50000000,10000000000,0.3,0.7,0.3,5,-1.02,-1.02,60.0
1,100000000,1000000000000,0.3,0.7,0.3,3,-0.99,-0.99,66.67
1,1000000000,100000000000000,0.3,0.7,0.3,1,-6.33,-6.33,0.0
1,1,100000000000000,0.3,0.75,0.25,7,-0.84,-0.84,57.14
1,1000000,100000000000000,0.3,0.75,0.25,7,-0.84,-0.84,57.14
1,10000000,100000000000000,0.3,0.75,0.25,6,-0.47,-0.47,66.67
1,10000000,1000000000,0.3,0.75,0.25,6,-0.47,-0.47,66.67
1,50000000,10000000000,0.3,0.75,0.25,4,2.79,2.79,75.0
1,100000000,1000000000000,0.3,0.75,0.25,2,1.68,1.68,100.0
1,1000000000,100000000000000,0.3,0.75,0.25,0,0,0,0
1,1,100000000000000,0.3,0.8,0.2,8,-1.99,-1.99,50.0
1,1000000,100000000000000,0.3,0.8,0.2,8,-1.99,-1.99,50.0
1,10000000,100000000000000,0.3,0.8,0.2,7,-1.84,-1.84,57.14
1,10000000,1000000000,0.3,0.8,0.2,7,-1.84,-1.84,57.14
1,50000000,10000000000,0.3,0.8,0.2,4,2.79,2.79,75.0
1,100000000,1000000000000,0.3,0.8,0.2,2,1.68,1.68,100.0
1,1000000000,100000000000000,0.3,0.8,0.2,0,0,0,0
1,1,100000000000000,0.3,0.85,0.15,12,-2.69,-2.69,41.67
1,1000000,100000000000000,0.3,0.85,0.15,12,-2.69,-2.69,41.67
1,10000000,100000000000000,0.3,0.85,0.15,9,-5.25,-5.25,44.44
1,10000000,1000000000,0.3,0.85,0.15,9,-5.25,-5.25,44.44
1,50000000,10000000000,0.3,0.85,0.15,5,-1.76,-1.76,60.0
1,100000000,1000000000000,0.3,0.85,0.15,4,-0.89,-0.89,75.0
1,1000000000,100000000000000,0.3,0.85,0.15,0,0,0,0
1,1,100000000000000,0.3,0.9,0.1,13,-2.69,-2.69,38.46
1,1000000,100000000000000,0.3,0.9,0.1,13,-2.69,-2.69,38.46
1,10000000,100000000000000,0.3,0.9,0.1,10,-5.0,-5.0,40.0
1,10000000,1000000000,0.3,0.9,0.1,10,-5.0,-5.0,40.0
1,50000000,10000000000,0.3,0.9,0.1,5,-1.76,-1.76,60.0
1,100000000,1000000000000,0.3,0.9,0.1,4,-0.89,-0.89,75.0
1,1000000000,100000000000000,0.3,0.9,0.1,0,0,0,0
1,1,100000000000000,0.3,0.95,0.05,15,-2.92,-2.92,33.33
1,1000000,100000000000000,0.3,0.95,0.05,15,-2.92,-2.92,33.33
1,10000000,100000000000000,0.3,0.95,0.05,12,-4.9,-4.9,33.33
1,10000000,1000000000,0.3,0.95,0.05,12,-4.9,-4.9,33.33
1,50000000,10000000000,0.3,0.95,0.05,7,-2.53,-2.53,42.86
1,100000000,1000000000000,0.3,0.95,0.05,4,-0.74,-0.74,75.0
1,1000000000,100000000000000,0.3,0.95,0.05,0,0,0,0
1,1,100000000000000,0.3,1.0,0.0,18,-1.06,-1.06,38.89
1,1000000,100000000000000,0.3,1.0,0.0,18,-1.06,-1.06,38.89
1,10000000,100000000000000,0.3,1.0,0.0,14,-2.26,-2.26,42.86
1,10000000,1000000000,0.3,1.0,0.0,13,-3.68,-3.68,38.46
1,50000000,10000000000,0.3,1.0,0.0,8,-0.2,-0.2,50.0
1,100000000,1000000000000,0.3,1.0,0.0,5,2.63,2.63,80.0
1,1000000000,100000000000000,0.3,1.0,0.0,1,16.12,16.12,100.0
0,1,100000000000000,0.3,0.0,1.0,181,-2.9,-0.51,36.46
0,1000000,100000000000000,0.3,0.0,1.0,181,-2.9,-0.51,36.46
0,10000000,100000000000000,0.3,0.0,1.0,167,-2.74,-0.51,37.72
0,10000000,1000000000,0.3,0.0,1.0,126,-3.75,-0.33,34.92
0,50000000,10000000000,0.3,0.0,1.0,134,-2.55,-0.44,40.3
0,100000000,1000000000000,0.3,0.0,1.0,123,-2.66,-0.64,43.09
0,1000000000,100000000000000,0.3,0.0,1.0,41,-2.18,-1.06,46.34
0,1,100000000000000,0.3,0.2,0.8,115,-3.46,-0.61,38.26
0,1000000,100000000000000,0.3,0.2,0.8,115,-3.46,-0.61,38.26
0,10000000,100000000000000,0.3,0.2,0.8,107,-3.33,-0.61,39.25
0,10000000,1000000000,0.3,0.2,0.8,82,-4.12,-0.42,36.59
0,50000000,10000000000,0.3,0.2,0.8,87,-3.4,-0.6,40.23
0,100000000,1000000000000,0.3,0.2,0.8,83,-3.33,-0.75,40.96
0,1000000000,100000000000000,0.3,0.2,0.8,25,-2.75,-1.25,48.0
0,1,100000000000000,0.3,0.4,0.6,54,-2.03,-0.28,40.74
0,1000000,100000000000000,0.3,0.4,0.6,54,-2.03,-0.28,40.74
0,10000000,100000000000000,0.3,0.4,0.6,51,-1.53,-0.21,43.14
0,10000000,1000000000,0.3,0.4,0.6,35,-2.66,-0.15,37.14
0,50000000,10000000000,0.3,0.4,0.6,42,-2.39,-0.34,38.1
0,100000000,1000000000000,0.3,0.4,0.6,38,-1.44,-0.25,42.11
0,1000000000,100000000000000,0.3,0.4,0.6,16,-1.08,-0.34,56.25
0,1,100000000000000,0.3,0.6,0.4,13,-8.13,-0.55,46.15
0,1000000,100000000000000,0.3,0.6,0.4,13,-8.13,-0.55,46.15
0,10000000,100000000000000,0.3,0.6,0.4,13,-8.13,-0.55,46.15
0,10000000,1000000000,0.3,0.6,0.4,12,-9.67,-0.38,50.0
0,50000000,10000000000,0.3,0.6,0.4,8,-3.97,-0.36,50.0
0,100000000,1000000000000,0.3,0.6,0.4,6,-4.63,-0.51,50.0
0,1000000000,100000000000000,0.3,0.6,0.4,1,-6.33,-2.54,0.0
0,1,100000000000000,0.3,0.7,0.3,9,-5.54,-0.36,44.44
0,1000000,100000000000000,0.3,0.7,0.3,9,-5.54,-0.36,44.44
0,10000000,100000000000000,0.3,0.7,0.3,8,-5.66,-0.4,50.0
0,10000000,1000000000,0.3,0.7,0.3,7,-3.93,-0.09,57.14
0,50000000,10000000000,0.3,0.7,0.3,5,-4.74,-0.46,60.0
0,100000000,1000000000000,0.3,0.7,0.3,3,-5.86,-0.84,66.67
0,1000000000,100000000000000,0.3,0.7,0.3,1,-6.33,-2.54,0.0
0,1,100000000000000,0.3,0.75,0.25,7,-0.92,-0.02,57.14
0,1000000,100000000000000,0.3,0.75,0.25,7,-0.92,-0.02,57.14
0,10000000,100000000000000,0.3,0.75,0.25,6,-0.5,-0.01,66.67
0,10000000,1000000000,0.3,0.75,0.25,6,-0.5,-0.01,66.67
0,50000000,10000000000,0.3,0.75,0.25,4,5.74,0.12,75.0
0,100000000,1000000000000,0.3,0.75,0.25,2,0.81,0.01,100.0
0,1000000000,100000000000000,0.3,0.75,0.25,0,0,0,0
0,1,100000000000000,0.3,0.8,0.2,8,-1.65,-0.04,50.0
0,1000000,100000000000000,0.3,0.8,0.2,8,-1.65,-0.04,50.0
0,10000000,100000000000000,0.3,0.8,0.2,7,-1.4,-0.03,57.14
0,10000000,1000000000,0.3,0.8,0.2,7,-1.4,-0.03,57.14
0,50000000,10000000000,0.3,0.8,0.2,4,5.74,0.12,75.0
0,100000000,1000000000000,0.3,0.8,0.2,2,0.81,0.01,100.0
0,1000000000,100000000000000,0.3,0.8,0.2,0,0,0,0
0,1,100000000000000,0.3,0.85,0.15,12,-5.06,-0.1,41.67
0,1000000,100000000000000,0.3,0.85,0.15,12,-5.06,-0.1,41.67
0,10000000,100000000000000,0.3,0.85,0.15,9,-6.83,-0.14,44.44
0,10000000,1000000000,0.3,0.85,0.15,9,-6.83,-0.14,44.44
0,50000000,10000000000,0.3,0.85,0.15,5,0.03,0.0,60.0
0,100000000,1000000000000,0.3,0.85,0.15,4,1.13,0.02,75.0
0,1000000000,100000000000000,0.3,0.85,0.15,0,0,0,0
0,1,100000000000000,0.3,0.9,0.1,13,-4.38,-0.11,38.46
0,1000000,100000000000000,0.3,0.9,0.1,13,-4.38,-0.11,38.46
0,10000000,100000000000000,0.3,0.9,0.1,10,-5.4,-0.15,40.0
0,10000000,1000000000,0.3,0.9,0.1,10,-5.4,-0.15,40.0
0,50000000,10000000000,0.3,0.9,0.1,5,0.03,0.0,60.0
0,100000000,1000000000000,0.3,0.9,0.1,4,1.13,0.02,75.0
0,1000000000,100000000000000,0.3,0.9,0.1,0,0,0,0
0,1,100000000000000,0.3,0.95,0.05,15,-3.57,-0.1,33.33
0,1000000,100000000000000,0.3,0.95,0.05,15,-3.57,-0.1,33.33
0,10000000,100000000000000,0.3,0.95,0.05,12,-4.23,-0.13,33.33
0,10000000,1000000000,0.3,0.95,0.05,12,-4.23,-0.13,33.33
0,50000000,10000000000,0.3,0.95,0.05,7,-0.17,-0.0,42.86
0,100000000,1000000000000,0.3,0.95,0.05,4,1.22,0.03,75.0
0,1000000000,100000000000000,0.3,0.95,0.05,0,0,0,0
0,1,100000000000000,0.3,1.0,0.0,18,0.68,0.02,38.89
0,1000000,100000000000000,0.3,1.0,0.0,18,0.68,0.02,38.89
0,10000000,100000000000000,0.3,1.0,0.0,14,0.78,0.03,42.86
0,10000000,1000000000,0.3,1.0,0.0,13,-2.96,-0.09,38.46
0,50000000,10000000000,0.3,1.0,0.0,8,5.96,0.19,50.0
0,100000000,1000000000000,0.3,1.0,0.0,5,8.6,0.34,80.0
0,1000000000,100000000000000,0.3,1.0,0.0,1,16.12,1.58,100.0
1,1,100000000000000,0.35,0.0,1.0,147,-2.77,-2.77,36.73
1,1000000,100000000000000,0.35,0.0,1.0,147,-2.77,-2.77,36.73
1,10000000,100000000000000,0.35,0.0,1.0,136,-4.49,-4.49,37.5
1,10000000,1000000000,0.35,0.0,1.0,106,-5.45,-5.45,33.96
1,50000000,10000000000,0.35,0.0,1.0,111,-3.16,-3.16,39.64
1,100000000,1000000000000,0.35,0.0,1.0,102,-3.16,-3.16,42.16
1,1000000000,100000000000000,0.35,0.0,1.0,30,-1.11,-1.11,50.0
1,1,100000000000000,0.35,0.2,0.8,74,-0.75,-0.75,37.84
1,1000000,100000000000000,0.35,0.2,0.8,74,-0.75,-0.75,37.84
1,10000000,100000000000000,0.35,0.2,0.8,71,-4.48,-4.48,38.03
1,10000000,1000000000,0.35,0.2,0.8,54,-5.3,-5.3,35.19
1,50000000,10000000000,0.35,0.2,0.8,59,-3.75,-3.75,35.59
1,100000000,1000000000000,0.35,0.2,0.8,56,-3.26,-3.26,37.5
1,1000000000,100000000000000,0.35,0.2,0.8,17,-1.88,-1.88,47.06
1,1,100000000000000,0.35,0.4,0.6,31,-3.98,-3.98,51.61
1,1000000,100000000000000,0.35,0.4,0.6,31,-3.98,-3.98,51.61
1,10000000,100000000000000,0.35,0.4,0.6,31,-3.98,-3.98,51.61
1,10000000,1000000000,0.35,0.4,0.6,23,-5.4,-5.4,47.83
1,50000000,10000000000,0.35,0.4,0.6,23,-2.02,-2.02,47.83
1,100000000,1000000000000,0.35,0.4,0.6,20,-0.39,-0.39,55.0
1,1000000000,100000000000000,0.35,0.4,0.6,8,0.08,0.08,62.5
1,1,100000000000000,0.35,0.6,0.4,4,-1.04,-1.04,75.0
1,1000000,100000000000000,0.35,0.6,0.4,4,-1.04,-1.04,75.0
1,10000000,100000000000000,0.35,0.6,0.4,4,-1.04,-1.04,75.0
1,10000000,1000000000,0.35,0.6,0.4,4,-1.04,-1.04,75.0
1,50000000,10000000000,0.35,0.6,0.4,2,6.75,6.75,100.0
1,100000000,1000000000000,0.35,0.6,0.4,1,0.42,0.42,100.0
1,1000000000,100000000000000,0.35,0.6,0.4,0,0,0,0
1,1,100000000000000,0.35,0.7,0.3,2,1.07,1.07,100.0
1,1000000,100000000000000,0.35,0.7,0.3,2,1.07,1.07,100.0
1,10000000,100000000000000,0.35,0.7,0.3,2,1.07,1.07,100.0
1,10000000,1000000000,0.35,0.7,0.3,2,1.07,1.07,100.0
1,50000000,10000000000,0.35,0.7,0.3,1,0.42,0.42,100.0
1,100000000,1000000000000,0.35,0.7,0.3,1,0.42,0.42,100.0
1,1000000000,100000000000000,0.35,0.7,0.3,0,0,0,0
1,1,100000000000000,0.35,0.75,0.25,3,-0.32,-0.32,66.67
1,1000000,100000000000000,0.35,0.75,0.25,3,-0.32,-0.32,66.67
1,10000000,100000000000000,0.35,0.75,0.25,2,1.07,1.07,100.0
1,10000000,1000000000,0.35,0.75,0.25,2,1.07,1.07,100.0
1,50000000,10000000000,0.35,0.75,0.25,1,0.42,0.42,100.0
1,100000000,1000000000000,0.35,0.75,0.25,1,0.42,0.42,100.0
1,1000000000,100000000000000,0.35,0.75,0.25,0,0,0,0
1,1,100000000000000,0.35,0.8,0.2,4,-3.53,-3.53,50.0
1,1000000,100000000000000,0.35,0.8,0.2,4,-3.53,-3.53,50.0
1,10000000,100000000000000,0.35,0.8,0.2,3,-3.67,-3.67,66.67
1,10000000,1000000000,0.35,0.8,0.2,3,-3.67,-3.67,66.67
1,50000000,10000000000,0.35,0.8,0.2,1,2.94,2.94,100.0
1,100000000,1000000000000,0.35,0.8,0.2,1,2.94,2.94,100.0
1,1000000000,100000000000000,0.35,0.8,0.2,0,0,0,0
1,1,100000000000000,0.35,0.85,0.15,4,-3.53,-3.53,50.0
1,1000000,100000000000000,0.35,0.85,0.15,4,-3.53,-3.53,50.0
1,10000000,100000000000000,0.35,0.85,0.15,3,-3.67,-3.67,66.67
1,10000000,1000000000,0.35,0.85,0.15,3,-3.67,-3.67,66.67
1,50000000,10000000000,0.35,0.85,0.15,1,2.94,2.94,100.0
1,100000000,1000000000000,0.35,0.85,0.15,1,2.94,2.94,100.0
1,1000000000,100000000000000,0.35,0.85,0.15,0,0,0,0
1,1,100000000000000,0.35,0.9,0.1,4,-3.53,-3.53,50.0
1,1000000,100000000000000,0.35,0.9,0.1,4,-3.53,-3.53,50.0
1,10000000,100000000000000,0.35,0.9,0.1,3,-3.67,-3.67,66.67
1,10000000,1000000000,0.35,0.9,0.1,3,-3.67,-3.67,66.67
1,50000000,10000000000,0.35,0.9,0.1,1,2.94,2.94,100.0
1,100000000,1000000000000,0.35,0.9,0.1,1,2.94,2.94,100.0
1,1000000000,100000000000000,0.35,0.9,0.1,0,0,0,0
1,1,100000000000000,0.35,0.95,0.05,6,-7.47,-7.47,33.33
1,1000000,100000000000000,0.35,0.95,0.05,6,-7.47,-7.47,33.33
1,10000000,100000000000000,0.35,0.95,0.05,4,-5.27,-5.27,50.0
1,10000000,1000000000,0.35,0.95,0.05,4,-5.27,-5.27,50.0
1,50000000,10000000000,0.35,0.95,0.05,1,2.94,2.94,100.0
1,100000000,1000000000000,0.35,0.95,0.05,1,2.94,2.94,100.0
1,1000000000,100000000000000,0.35,0.95,0.05,0,0,0,0
1,1,100000000000000,0.35,1.0,0.0,10,-2.74,-2.74,40.0
1,1000000,100000000000000,0.35,1.0,0.0,10,-2.74,-2.74,40.0
1,10000000,100000000000000,0.35,1.0,0.0,7,-6.06,-6.06,42.86
1,10000000,1000000000,0.35,1.0,0.0,7,-6.06,-6.06,42.86
1,50000000,10000000000,0.35,1.0,0.0,3,-1.32,-1.32,66.67
1,100000000,1000000000000,0.35,1.0,0.0,3,-1.32,-1.32,66.67
1,1000000000,100000000000000,0.35,1.0,0.0,0,0,0,0
0,1,100000000000000,0.35,0.0,1.0,147,-2.73,-0.43,36.73
0,1000000,100000000000000,0.35,0.0,1.0,147,-2.73,-0.43,36.73
0,10000000,100000000000000,0.35,0.0,1.0,136,-2.57,-0.43,37.5
0,10000000,1000000000,0.35,0.0,1.0,106,-3.65,-0.35,33.96
0,50000000,10000000000,0.35,0.0,1.0,111,-2.37,-0.39,39.64
0,100000000,1000000000000,0.35,0.0,1.0,102,-2.44,-0.52,42.16
0,1000000000,100000000000000,0.35,0.0,1.0,30,-1.72,-0.73,50.0
0,1,100000000000000,0.35,0.2,0.8,74,-4.4,-0.71,37.84
0,1000000,100000000000000,0.35,0.2,0.8,74,-4.4,-0.71,37.84
0,10000000,100000000000000,0.35,0.2,0.8,71,-4.25,-0.7,38.03
0,10000000,1000000000,0.35,0.2,0.8,54,-6.45,-0.52,35.19
0,50000000,10000000000,0.35,0.2,0.8,59,-5.16,-0.67,35.59
0,100000000,1000000000000,0.35,0.2,0.8,56,-4.07,-0.8,37.5
0,1000000000,100000000000000,0.35,0.2,0.8,17,-2.95,-1.28,47.06
0,1,100000000000000,0.35,0.4,0.6,31,0.04,0.0,51.61
0,1000000,100000000000000,0.35,0.4,0.6,31,0.04,0.0,51.61
0,10000000,100000000000000,0.35,0.4,0.6,31,0.04,0.0,51.61
0,10000000,1000000000,0.35,0.4,0.6,23,0.55,0.03,47.83
0,50000000,10000000000,0.35,0.4,0.6,23,-1.34,-0.14,47.83
0,100000000,1000000000000,0.35,0.4,0.6,20,0.61,0.09,55.0
0,1000000000,100000000000000,0.35,0.4,0.6,8,-0.33,-0.08,62.5
0,1,100000000000000,0.35,0.6,0.4,4,2.49,0.06,75.0
0,1000000,100000000000000,0.35,0.6,0.4,4,2.49,0.06,75.0
0,10000000,100000000000000,0.35,0.6,0.4,4,2.49,0.06,75.0
0,10000000,1000000000,0.35,0.6,0.4,4,2.49,0.06,75.0
0,50000000,10000000000,0.35,0.6,0.4,2,8.25,0.26,100.0
0,100000000,1000000000000,0.35,0.6,0.4,1,0.42,0.01,100.0
0,1000000000,100000000000000,0.35,0.6,0.4,0,0,0,0
0,1,100000000000000,0.35,0.7,0.3,2,0.97,0.02,100.0
0,1000000,100000000000000,0.35,0.7,0.3,2,0.97,0.02,100.0
0,10000000,100000000000000,0.35,0.7,0.3,2,0.97,0.02,100.0
0,10000000,1000000000,0.35,0.7,0.3,2,0.97,0.02,100.0
0,50000000,10000000000,0.35,0.7,0.3,1,0.42,0.01,100.0
0,100000000,1000000000000,0.35,0.7,0.3,1,0.42,0.01,100.0
0,1000000000,100000000000000,0.35,0.7,0.3,0,0,0,0
0,1,100000000000000,0.35,0.75,0.25,3,-0.59,-0.01,66.67
0,1000000,100000000000000,0.35,0.75,0.25,3,-0.59,-0.01,66.67
0,10000000,100000000000000,0.35,0.75,0.25,2,0.97,0.02,100.0
0,10000000,1000000000,0.35,0.75,0.25,2,0.97,0.02,100.0
0,50000000,10000000000,0.35,0.75,0.25,1,0.42,0.01,100.0
0,100000000,1000000000000,0.35,0.75,0.25,1,0.42,0.01,100.0
0,1000000000,100000000000000,0.35,0.75,0.25,0,0,0,0
0,1,100000000000000,0.35,0.8,0.2,4,-7.15,-0.15,50.0
0,1000000,100000000000000,0.35,0.8,0.2,4,-7.15,-0.15,50.0
0,10000000,100000000000000,0.35,0.8,0.2,3,-8.97,-0.17,66.67
0,10000000,1000000000,0.35,0.8,0.2,3,-8.97,-0.17,66.67
0,50000000,10000000000,0.35,0.8,0.2,1,2.94,0.01,100.0
0,100000000,1000000000000,0.35,0.8,0.2,1,2.94,0.01,100.0
0,1000000000,100000000000000,0.35,0.8,0.2,0,0,0,0
0,1,100000000000000,0.35,0.85,0.15,4,-7.15,-0.15,50.0
0,1000000,100000000000000,0.35,0.85,0.15,4,-7.15,-0.15,50.0
0,10000000,100000000000000,0.35,0.85,0.15,3,-8.97,-0.17,66.67
0,10000000,1000000000,0.35,0.85,0.15,3,-8.97,-0.17,66.67
0,50000000,10000000000,0.35,0.85,0.15,1,2.94,0.01,100.0
0,100000000,1000000000000,0.35,0.85,0.15,1,2.94,0.01,100.0
0,1000000000,100000000000000,0.35,0.85,0.15,0,0,0,0
0,1,100000000000000,0.35,0.9,0.1,4,-7.15,-0.15,50.0
0,1000000,100000000000000,0.35,0.9,0.1,4,-7.15,-0.15,50.0
0,10000000,100000000000000,0.35,0.9,0.1,3,-8.97,-0.17,66.67
0,10000000,1000000000,0.35,0.9,0.1,3,-8.97,-0.17,66.67
0,50000000,10000000000,0.35,0.9,0.1,1,2.94,0.01,100.0
0,100000000,1000000000000,0.35,0.9,0.1,1,2.94,0.01,100.0
0,1000000000,100000000000000,0.35,0.9,0.1,0,0,0,0
0,1,100000000000000,0.35,0.95,0.05,6,-9.64,-0.19,33.33
0,1000000,100000000000000,0.35,0.95,0.05,6,-9.64,-0.19,33.33
0,10000000,100000000000000,0.35,0.95,0.05,4,-9.18,-0.16,50.0
0,10000000,1000000000,0.35,0.95,0.05,4,-9.18,-0.16,50.0
0,50000000,10000000000,0.35,0.95,0.05,1,2.94,0.01,100.0
0,100000000,1000000000000,0.35,0.95,0.05,1,2.94,0.01,100.0
0,1000000000,100000000000000,0.35,0.95,0.05,0,0,0,0
0,1,100000000000000,0.35,1.0,0.0,10,-5.68,-0.12,40.0
0,1000000,100000000000000,0.35,1.0,0.0,10,-5.68,-0.12,40.0
0,10000000,100000000000000,0.35,1.0,0.0,7,-8.15,-0.17,42.86
0,10000000,1000000000,0.35,1.0,0.0,7,-8.15,-0.17,42.86
0,50000000,10000000000,0.35,1.0,0.0,3,1.57,0.02,66.67
0,100000000,1000000000000,0.35,1.0,0.0,3,1.57,0.02,66.67
0,1000000000,100000000000000,0.35,1.0,0.0,0,0,0,0
